Country_Code,Year,Total_Docs_OA
USA,1997,405722
GBR,1997,108898
JPN,1997,97068
DEU,1997,87720
FRA,1997,67268
CAN,1997,46707
ITA,1997,37988
AUS,1997,30378
ESP,1997,27259
CHN,1997,26681
NLD,1997,25315
RUS,1997,21643
IND,1997,19029
SWE,1997,17337
CHE,1997,16744
POL,1997,16303
BRA,1997,15517
BEL,1997,14191
KOR,1997,12172
ISR,1997,11725
TWN,1997,10503
AUT,1997,9033
DNK,1997,9031
MEX,1997,8736
FIN,1997,7953
NOR,1997,6549
CZE,1997,6507
GRC,1997,6010
NZL,1997,5342
HUN,1997,5337
ZAF,1997,5156
TUR,1997,5081
HKG,1997,4848
ARG,1997,4775
IRL,1997,3986
SGP,1997,3894
UKR,1997,3834
PRT,1997,3634
EGY,1997,2951
CHL,1997,2841
SVK,1997,2803
BGR,1997,2445
ROU,1997,2105
COL,1997,1919
HRV,1997,1811
SVN,1997,1752
SAU,1997,1706
THA,1997,1456
PAK,1997,1371
TUN,1997,1368
VEN,1997,1358
SRB,1997,1292
MAR,1997,1248
MYS,1997,1221
NGA,1997,1190
CUB,1997,1186
BLR,1997,1100
IRN,1997,1066
IDN,1997,943
PER,1997,827
DZA,1997,769
PHL,1997,739
KEN,1997,731
PRI,1997,660
LVA,1997,658
LTU,1997,640
EST,1997,631
VNM,1997,612
BGD,1997,591
KWT,1997,580
CRI,1997,546
ARM,1997,462
URY,1997,458
JOR,1997,416
SSD,1997,409
UZB,1997,397
ETH,1997,383
GHA,1997,364
CMR,1997,347
QAT,1997,335
ARE,1997,330
CYP,1997,329
LKA,1997,325
UGA,1997,325
TZA,1997,323
ISL,1997,312
LBN,1997,304
ZWE,1997,298
CIV,1997,292
GEO,1997,257
TJK,1997,254
BOL,1997,250
MDA,1997,249
MMR,1997,249
PAN,1997,244
LUX,1997,241
SEN,1997,213
NER,1997,212
NPL,1997,204
KAZ,1997,203
ECU,1997,181
GTM,1997,175
AZE,1997,170
VGB,1997,168
JAM,1997,163
OMN,1997,163
MLI,1997,149
BDI,1997,147
MLT,1997,147
MKD,1997,146
MOZ,1997,143
ZMB,1997,141
SLV,1997,126
MWI,1997,123
SYR,1997,118
BEN,1997,114
SDN,1997,111
KHM,1997,106
DOM,1997,103
BWA,1997,101
MNG,1997,96
HND,1997,93
BHR,1997,91
PNG,1997,89
YEM,1997,86
TTO,1997,84
BFA,1997,83
GMB,1997,79
PRY,1997,79
GLP,1997,77
IRQ,1997,76
REU,1997,74
NIC,1997,71
MDG,1997,69
BRN,1997,66
ALB,1997,61
BIH,1997,60
COD,1997,59
BRB,1997,52
GAB,1997,52
FJI,1997,46
GNB,1997,44
MCO,1997,44
NCL,1997,43
PSE,1997,43
NAM,1997,42
GUM,1997,41
MNE,1997,41
BLZ,1997,40
MTQ,1997,40
LBY,1997,39
GUF,1997,36
PYF,1997,35
LAO,1997,34
LIE,1997,34
GIB,1997,32
CUW,1997,30
MUS,1997,25
TGO,1997,25
RWA,1997,24
SOM,1997,24
MAC,1997,23
KGZ,1997,20
PRK,1997,19
SLE,1997,19
GRL,1997,18
VIR,1997,17
GUY,1997,16
IMN,1997,16
CYM,1997,16
SWZ,1997,16
BHS,1997,14
STP,1997,14
TKM,1997,14
VAT,1997,14
MDV,1997,13
AGO,1997,12
BMU,1997,12
CAF,1997,12
LSO,1997,12
AFG,1997,11
COG,1997,11
KNA,1997,11
SYC,1997,11
MRT,1997,10
VUT,1997,10
ASM,1997,9
LBR,1997,9
SMR,1997,9
SUR,1997,8
ATG,1997,7
DJI,1997,7
FRO,1997,7
GRD,1997,7
GIN,1997,7
WSM,1997,6
GNQ,1997,5
JEY,1997,5
TCD,1997,5
USA,2000,452006
GBR,2000,129262
JPN,2000,116935
DEU,2000,103690
FRA,2000,80234
CHN,2000,54148
CAN,2000,51976
ITA,2000,44652
ESP,2000,36319
AUS,2000,36288
RUS,2000,29968
NLD,2000,28645
BRA,2000,24724
IND,2000,23738
POL,2000,21192
CHE,2000,20696
SWE,2000,20139
KOR,2000,19396
BEL,2000,18297
TWN,2000,15726
ISR,2000,13353
AUT,2000,11562
MEX,2000,11451
DNK,2000,10465
FIN,2000,9413
CZE,2000,8081
NOR,2000,7832
HKG,2000,7707
TUR,2000,7694
GRC,2000,7655
ARG,2000,6666
HUN,2000,6447
NZL,2000,6437
ZAF,2000,6357
SGP,2000,6011
UKR,2000,5393
PRT,2000,5349
IRL,2000,5282
EGY,2000,4294
CHL,2000,3932
SVK,2000,3352
COL,2000,2894
BGR,2000,2710
ROU,2000,2709
SVN,2000,2526
IRN,2000,2483
PAK,2000,2392
HRV,2000,2376
THA,2000,2368
VEN,2000,2019
SAU,2000,1991
CUB,2000,1984
MAR,2000,1956
NGA,2000,1924
MYS,2000,1913
IDN,2000,1688
TUN,2000,1662
BLR,2000,1581
SRB,2000,1500
VNM,2000,1249
PER,2000,1197
KEN,2000,1163
EST,2000,937
PHL,2000,923
PRI,2000,883
BGD,2000,873
DZA,2000,844
LTU,2000,823
ETH,2000,782
LVA,2000,764
CRI,2000,708
GHA,2000,688
TZA,2000,678
KWT,2000,639
JOR,2000,599
ARM,2000,581
UGA,2000,575
URY,2000,553
LBN,2000,531
ARE,2000,505
UZB,2000,478
LKA,2000,457
CMR,2000,456
SEN,2000,450
ISL,2000,437
SSD,2000,433
ZWE,2000,410
CYP,2000,391
QAT,2000,387
MMR,2000,378
VGB,2000,374
NPL,2000,365
LUX,2000,346
OMN,2000,346
BOL,2000,344
KAZ,2000,320
GEO,2000,305
CIV,2000,302
TJK,2000,294
ECU,2000,282
PAN,2000,267
MOZ,2000,250
AZE,2000,240
MKD,2000,236
MDA,2000,217
NER,2000,217
BDI,2000,212
JAM,2000,199
BWA,2000,198
BEN,2000,187
MNG,2000,186
GTM,2000,183
IRQ,2000,183
MLT,2000,172
MWI,2000,169
ZMB,2000,169
MLI,2000,164
SDN,2000,163
KHM,2000,160
SYR,2000,158
SLV,2000,155
GLP,2000,142
BFA,2000,140
NIC,2000,132
TTO,2000,122
MDG,2000,121
YEM,2000,118
PRY,2000,115
REU,2000,114
DOM,2000,113
BIH,2000,112
RWA,2000,110
BHR,2000,107
PSE,2000,106
ALB,2000,92
GMB,2000,91
LBY,2000,84
PNG,2000,82
BRB,2000,80
BRN,2000,80
HND,2000,75
BLZ,2000,73
COD,2000,72
GAB,2000,69
GUF,2000,67
MUS,2000,67
NCL,2000,67
MTQ,2000,63
FJI,2000,61
TGO,2000,61
LAO,2000,59
COG,2000,56
GNB,2000,55
NAM,2000,50
KGZ,2000,47
GUM,2000,46
MNE,2000,46
STP,2000,46
CUW,2000,45
LIE,2000,43
PYF,2000,43
SOM,2000,40
MCO,2000,39
AFG,2000,38
AGO,2000,38
SWZ,2000,38
GIB,2000,32
MAC,2000,32
ERI,2000,30
SLE,2000,30
GRL,2000,29
GIN,2000,25
SYC,2000,25
BMU,2000,24
CAF,2000,22
LSO,2000,22
TCD,2000,22
VIR,2000,22
TKM,2000,21
CYM,2000,20
MRT,2000,20
LBR,2000,19
BHS,2000,16
HTI,2000,16
DJI,2000,15
IMN,2000,15
CPV,2000,14
GUY,2000,14
ATG,2000,13
FRO,2000,12
KNA,2000,12
MSR,2000,12
MDV,2000,12
TON,2000,12
VAT,2000,12
GRD,2000,11
PRK,2000,10
VUT,2000,10
ASM,2000,9
USA,1996,401419
GBR,1996,107478
JPN,1996,94209
DEU,1996,80902
FRA,1996,63039
CAN,1996,46160
ITA,1996,37459
AUS,1996,28445
ESP,1996,25300
NLD,1996,23597
CHN,1996,22376
RUS,1996,19971
IND,1996,18797
SWE,1996,16796
CHE,1996,15980
POL,1996,15813
BEL,1996,13640
BRA,1996,12606
ISR,1996,11194
TWN,1996,9965
KOR,1996,9853
DNK,1996,8339
MEX,1996,8096
AUT,1996,8003
FIN,1996,7659
NOR,1996,6287
CZE,1996,6246
GRC,1996,5394
NZL,1996,4997
ZAF,1996,4868
HUN,1996,4803
TUR,1996,4654
ARG,1996,4336
HKG,1996,3951
IRL,1996,3410
SGP,1996,3198
UKR,1996,3089
PRT,1996,3020
EGY,1996,2815
SVK,1996,2676
CHL,1996,2524
BGR,1996,2250
HRV,1996,1769
ROU,1996,1714
SAU,1996,1696
COL,1996,1571
SVN,1996,1496
PAK,1996,1277
THA,1996,1277
NGA,1996,1243
MAR,1996,1241
TUN,1996,1238
MYS,1996,1221
VEN,1996,1197
SRB,1996,1102
CUB,1996,1063
IRN,1996,967
IDN,1996,864
BLR,1996,842
KEN,1996,806
PER,1996,725
PRI,1996,654
EST,1996,625
BGD,1996,615
VNM,1996,615
PHL,1996,578
LVA,1996,575
DZA,1996,524
KWT,1996,508
CRI,1996,491
LTU,1996,482
ARM,1996,432
SSD,1996,405
JOR,1996,391
URY,1996,374
ARE,1996,340
TZA,1996,330
GHA,1996,323
ISL,1996,320
CMR,1996,316
ZWE,1996,312
ETH,1996,311
LKA,1996,296
UGA,1996,272
LUX,1996,251
QAT,1996,250
SEN,1996,235
CYP,1996,225
LBN,1996,225
KAZ,1996,220
UZB,1996,218
AZE,1996,216
NPL,1996,215
CIV,1996,211
MMR,1996,209
NER,1996,209
GEO,1996,202
BOL,1996,201
PAN,1996,198
TJK,1996,183
OMN,1996,182
GTM,1996,178
MDA,1996,176
JAM,1996,170
BDI,1996,164
VGB,1996,144
MLI,1996,136
ECU,1996,135
IRQ,1996,133
MLT,1996,129
MKD,1996,122
SYR,1996,122
MOZ,1996,118
PNG,1996,118
MWI,1996,114
MNG,1996,113
SLV,1996,112
KHM,1996,107
ZMB,1996,104
SDN,1996,101
TTO,1996,97
BHR,1996,96
BWA,1996,95
DOM,1996,89
REU,1996,88
PRY,1996,82
ALB,1996,80
BEN,1996,79
BFA,1996,73
GLP,1996,70
GMB,1996,69
BRN,1996,66
YEM,1996,66
GNB,1996,64
MDG,1996,64
BIH,1996,62
NIC,1996,62
HND,1996,58
PSE,1996,56
MCO,1996,47
LBY,1996,46
BRB,1996,45
COD,1996,42
NCL,1996,41
LAO,1996,40
GAB,1996,38
MTQ,1996,37
PYF,1996,37
FJI,1996,36
GUM,1996,33
GUF,1996,31
MNE,1996,31
CUW,1996,30
TGO,1996,29
NAM,1996,28
COG,1996,27
GIB,1996,26
RWA,1996,26
SLE,1996,26
MUS,1996,23
IMN,1996,20
VIR,1996,19
BMU,1996,18
LIE,1996,17
BHS,1996,16
KGZ,1996,16
SOM,1996,16
FRO,1996,15
GIN,1996,15
LSO,1996,15
BLZ,1996,14
SWZ,1996,14
AGO,1996,13
HTI,1996,13
ASM,1996,12
GRL,1996,12
MAC,1996,12
STP,1996,12
PRK,1996,11
CYM,1996,10
MDV,1996,10
AFG,1996,9
GUY,1996,8
KNA,1996,8
MRT,1996,8
TKM,1996,8
VAT,1996,8
JEY,1996,7
SMR,1996,7
DJI,1996,6
LBR,1996,6
SJM,1996,6
SUR,1996,6
ATG,1996,5
ERI,1996,5
FSM,1996,5
GRD,1996,5
SYC,1996,5
TCD,1996,5
USA,2001,466283
GBR,2001,129203
JPN,2001,118675
DEU,2001,107351
FRA,2001,84468
CHN,2001,70035
CAN,2001,53540
ITA,2001,46692
ESP,2001,40123
AUS,2001,38073
RUS,2001,32640
NLD,2001,29995
BRA,2001,26971
IND,2001,26166
POL,2001,22783
KOR,2001,21738
CHE,2001,21108
SWE,2001,21081
BEL,2001,19372
TWN,2001,18318
ISR,2001,13796
MEX,2001,12174
AUT,2001,11444
DNK,2001,10967
FIN,2001,9877
TUR,2001,9366
CZE,2001,8796
GRC,2001,8665
HKG,2001,8433
NOR,2001,8334
ARG,2001,6994
HUN,2001,6906
NZL,2001,6768
ZAF,2001,6592
SGP,2001,6543
PRT,2001,6274
UKR,2001,6006
IRL,2001,5187
EGY,2001,4298
CHL,2001,4254
SVK,2001,3426
COL,2001,3368
THA,2001,2724
ROU,2001,2709
BGR,2001,2672
SVN,2001,2621
IRN,2001,2517
HRV,2001,2324
VEN,2001,2285
CUB,2001,2065
MAR,2001,1972
MYS,2001,1913
NGA,2001,1898
IDN,2001,1842
TUN,2001,1838
SAU,2001,1782
BLR,2001,1674
PAK,2001,1575
SRB,2001,1429
VNM,2001,1391
KEN,2001,1339
DZA,2001,1207
PER,2001,1204
LTU,2001,1001
EST,2001,919
BGD,2001,899
PRI,2001,863
ETH,2001,854
LVA,2001,841
PHL,2001,804
TZA,2001,769
CRI,2001,765
KWT,2001,679
UGA,2001,667
GHA,2001,651
ARM,2001,604
URY,2001,603
JOR,2001,596
LBN,2001,573
ARE,2001,571
QAT,2001,546
LUX,2001,521
CMR,2001,503
UZB,2001,502
LKA,2001,491
ISL,2001,489
CYP,2001,461
SEN,2001,424
ZWE,2001,408
NPL,2001,407
BOL,2001,403
SSD,2001,403
OMN,2001,387
KAZ,2001,384
MMR,2001,379
VGB,2001,335
MKD,2001,317
GEO,2001,313
PAN,2001,301
CIV,2001,300
MOZ,2001,258
TJK,2001,257
AZE,2001,249
ECU,2001,246
NER,2001,246
BEN,2001,245
JAM,2001,238
MDA,2001,233
MWI,2001,220
MLI,2001,207
BFA,2001,189
BDI,2001,189
ZMB,2001,189
BWA,2001,188
MLT,2001,185
GTM,2001,182
MNG,2001,177
SLV,2001,177
KHM,2001,156
TTO,2001,153
RWA,2001,151
SDN,2001,146
SYR,2001,145
BIH,2001,143
GLP,2001,140
PRY,2001,134
IRQ,2001,129
DOM,2001,125
NIC,2001,125
BHR,2001,121
YEM,2001,118
PNG,2001,117
REU,2001,112
PSE,2001,110
MDG,2001,106
ALB,2001,98
BLZ,2001,89
GMB,2001,87
BRB,2001,84
GAB,2001,83
COD,2001,80
BRN,2001,74
LBY,2001,74
MUS,2001,73
GUF,2001,70
FJI,2001,66
HND,2001,66
LAO,2001,63
TGO,2001,63
COG,2001,62
GNB,2001,62
GUM,2001,61
NAM,2001,58
CUW,2001,55
MCO,2001,55
MNE,2001,51
MAC,2001,47
NCL,2001,45
MTQ,2001,44
STP,2001,44
AGO,2001,43
GIN,2001,43
PYF,2001,41
KGZ,2001,38
ERI,2001,37
CAF,2001,35
SLE,2001,34
BMU,2001,31
IMN,2001,31
AFG,2001,29
GRL,2001,28
LBR,2001,27
LIE,2001,26
SOM,2001,25
MDV,2001,24
LSO,2001,23
SWZ,2001,23
BHS,2001,22
GIB,2001,22
ASM,2001,21
CPV,2001,20
TKM,2001,20
TCD,2001,18
VIR,2001,18
PRK,2001,17
CYM,2001,17
DJI,2001,16
MRT,2001,15
FRO,2001,14
JEY,2001,13
HTI,2001,12
GRD,2001,11
GNQ,2001,11
KNA,2001,11
PLW,2001,11
FLK,2001,10
GUY,2001,10
WSM,2001,9
SUR,2001,8
USA,1999,426529
GBR,1999,118524
JPN,1999,107720
DEU,1999,97164
FRA,1999,74741
CAN,1999,48820
ITA,1999,41779
CHN,1999,36724
AUS,1999,33635
ESP,1999,32258
NLD,1999,26669
RUS,1999,24060
IND,1999,21988
BRA,1999,21441
SWE,1999,19459
CHE,1999,19306
POL,1999,18939
KOR,1999,17053
BEL,1999,16874
TWN,1999,13082
ISR,1999,12548
MEX,1999,10491
AUT,1999,9943
DNK,1999,9670
FIN,1999,8662
CZE,1999,7204
NOR,1999,7041
GRC,1999,6637
TUR,1999,6581
HKG,1999,6232
NZL,1999,6108
HUN,1999,5687
ARG,1999,5651
ZAF,1999,5481
SGP,1999,5148
PRT,1999,4915
UKR,1999,4710
IRL,1999,4538
EGY,1999,3558
CHL,1999,3366
SVK,1999,3109
BGR,1999,2561
COL,1999,2376
ROU,1999,2116
HRV,1999,2054
SVN,1999,2045
THA,1999,1947
VEN,1999,1854
CUB,1999,1822
SAU,1999,1765
IRN,1999,1690
MAR,1999,1629
MYS,1999,1544
PAK,1999,1440
SRB,1999,1354
NGA,1999,1334
TUN,1999,1265
IDN,1999,1240
BLR,1999,1169
PER,1999,1121
VNM,1999,832
PRI,1999,817
BGD,1999,809
PHL,1999,799
EST,1999,789
KEN,1999,784
LTU,1999,771
KWT,1999,725
DZA,1999,716
LVA,1999,672
CRI,1999,571
JOR,1999,566
ARM,1999,512
URY,1999,457
LBN,1999,456
ETH,1999,454
SSD,1999,450
LKA,1999,432
GHA,1999,410
CMR,1999,391
UZB,1999,382
TZA,1999,381
LUX,1999,345
ARE,1999,344
ISL,1999,337
ZWE,1999,336
QAT,1999,333
UGA,1999,317
CYP,1999,311
BOL,1999,309
OMN,1999,295
TJK,1999,295
GEO,1999,282
NPL,1999,277
MMR,1999,269
KAZ,1999,242
CIV,1999,238
PAN,1999,229
SEN,1999,227
MDA,1999,218
VGB,1999,218
ECU,1999,210
GTM,1999,208
JAM,1999,206
MKD,1999,190
NER,1999,190
MLT,1999,187
MOZ,1999,187
AZE,1999,162
BDI,1999,159
SDN,1999,153
KHM,1999,149
IRQ,1999,146
BIH,1999,139
MNG,1999,136
BWA,1999,134
SLV,1999,133
ZMB,1999,129
SYR,1999,128
DOM,1999,124
BEN,1999,121
GLP,1999,118
MLI,1999,116
BFA,1999,113
BHR,1999,109
MWI,1999,109
REU,1999,109
TTO,1999,107
MDG,1999,101
BRN,1999,99
GMB,1999,94
PRY,1999,94
BLZ,1999,84
NIC,1999,83
YEM,1999,83
PNG,1999,82
HND,1999,79
ALB,1999,75
PSE,1999,73
GNB,1999,72
BRB,1999,71
GAB,1999,63
MUS,1999,63
COD,1999,62
LAO,1999,60
LBY,1999,54
MCO,1999,54
MNE,1999,53
LIE,1999,51
GUM,1999,49
CUW,1999,48
TGO,1999,47
FJI,1999,46
MTQ,1999,46
NCL,1999,45
COG,1999,44
GUF,1999,44
GIN,1999,35
MAC,1999,35
KGZ,1999,34
NAM,1999,33
GIB,1999,32
PYF,1999,31
STP,1999,27
SOM,1999,26
SWZ,1999,25
AGO,1999,22
IMN,1999,22
GRL,1999,21
RWA,1999,19
SLE,1999,16
BHS,1999,14
ERI,1999,14
TKM,1999,14
KNA,1999,13
TCD,1999,13
VUT,1999,13
ASM,1999,12
BMU,1999,12
LSO,1999,12
MRT,1999,12
VIR,1999,12
WSM,1999,12
CAF,1999,11
JEY,1999,11
FRO,1999,10
GUY,1999,10
PRK,1999,10
CYM,1999,9
VAT,1999,9
AFG,1999,8
SJM,1999,8
TON,1999,8
GRD,1999,6
LBR,1999,6
MDV,1999,6
SMR,1999,6
SUR,1999,6
ATG,1999,5
USA,2005,648287
CHN,2005,286141
GBR,2005,165114
JPN,2005,150201
DEU,2005,139012
FRA,2005,131679
CAN,2005,84328
ITA,2005,68869
ESP,2005,59398
AUS,2005,56476
BRA,2005,46595
NLD,2005,43160
KOR,2005,41732
IND,2005,40819
RUS,2005,36352
POL,2005,34873
TWN,2005,30856
CHE,2005,30268
BEL,2005,28160
SWE,2005,26909
TUR,2005,20208
MEX,2005,18170
ISR,2005,17316
AUT,2005,16219
GRC,2005,14988
DNK,2005,14756
HKG,2005,13360
FIN,2005,13228
SGP,2005,12617
CZE,2005,12176
NOR,2005,12100
PRT,2005,10894
IRL,2005,10134
ARG,2005,10117
NZL,2005,10003
HUN,2005,9701
ZAF,2005,9588
IRN,2005,9222
UKR,2005,6892
CHL,2005,6613
EGY,2005,6412
COL,2005,6163
THA,2005,5684
ROU,2005,4542
MYS,2005,4347
SVK,2005,4305
NGA,2005,4169
SVN,2005,4138
IDN,2005,3862
HRV,2005,3778
BGR,2005,3693
TUN,2005,3670
PAK,2005,3405
SRB,2005,3405
VEN,2005,3282
CUB,2005,3015
MAR,2005,2551
SAU,2005,2294
DZA,2005,2156
LTU,2005,2105
BLR,2005,2078
PER,2005,1950
KEN,2005,1763
VNM,2005,1751
EST,2005,1522
BGD,2005,1484
PRI,2005,1378
PHL,2005,1308
LVA,2005,1259
CRI,2005,1157
ARE,2005,1154
ETH,2005,1149
JOR,2005,1112
LBN,2005,1073
URY,2005,1067
TZA,2005,997
LUX,2005,988
CYP,2005,964
GHA,2005,912
UGA,2005,908
KWT,2005,907
LKA,2005,882
CMR,2005,781
ARM,2005,730
ISL,2005,700
IRQ,2005,689
QAT,2005,681
SEN,2005,643
BOL,2005,636
NPL,2005,613
UZB,2005,592
SSD,2005,534
KAZ,2005,529
CIV,2005,519
VGB,2005,502
GEO,2005,500
MMR,2005,480
ECU,2005,470
OMN,2005,465
MKD,2005,438
AZE,2005,421
PAN,2005,406
MDA,2005,403
BEN,2005,385
MNG,2005,383
BIH,2005,372
ZWE,2005,370
TJK,2005,360
BWA,2005,319
JAM,2005,318
NER,2005,313
MOZ,2005,311
MLI,2005,308
GTM,2005,292
MLT,2005,288
SDN,2005,283
BDI,2005,280
GUF,2005,278
ZMB,2005,272
REU,2005,271
KHM,2005,261
MWI,2005,260
PRY,2005,247
SYR,2005,247
BFA,2005,243
TTO,2005,235
MAC,2005,228
GLP,2005,216
PSE,2005,216
SLV,2005,207
BHR,2005,204
MNE,2005,201
YEM,2005,196
NIC,2005,191
DOM,2005,166
MDG,2005,164
COG,2005,148
ALB,2005,141
RWA,2005,139
BRN,2005,136
FJI,2005,133
BLZ,2005,124
GAB,2005,123
LBY,2005,118
HND,2005,114
NCL,2005,114
MUS,2005,105
GMB,2005,104
COD,2005,100
BRB,2005,98
GUM,2005,95
TGO,2005,94
MCO,2005,93
MDV,2005,91
NAM,2005,91
STP,2005,88
AGO,2005,86
MTQ,2005,83
KGZ,2005,81
PNG,2005,80
LAO,2005,75
PYF,2005,70
CUW,2005,67
AFG,2005,56
LIE,2005,55
GNB,2005,46
ERI,2005,45
GRL,2005,44
MRT,2005,41
SOM,2005,41
SWZ,2005,39
BMU,2005,38
SLE,2005,37
TCD,2005,36
CAF,2005,35
GIN,2005,34
LBR,2005,32
FRO,2005,30
LSO,2005,29
GUY,2005,28
PRK,2005,28
VIR,2005,28
KNA,2005,27
BHS,2005,25
VUT,2005,25
VAT,2005,24
GRD,2005,23
FLK,2005,20
GIB,2005,20
HTI,2005,19
PLW,2005,19
IMN,2005,18
SJM,2005,17
TKM,2005,16
BTN,2005,15
CPV,2005,15
SMR,2005,15
ATG,2005,14
JEY,2005,14
USA,2004,596849
CHN,2004,207796
GBR,2004,152871
JPN,2004,144121
DEU,2004,135096
FRA,2004,117079
CAN,2004,74077
ITA,2004,64506
ESP,2004,54433
AUS,2004,51007
BRA,2004,41657
NLD,2004,38719
KOR,2004,36902
RUS,2004,35842
IND,2004,35079
POL,2004,33053
CHE,2004,28201
TWN,2004,26792
BEL,2004,25727
SWE,2004,25053
TUR,2004,18853
ISR,2004,17272
MEX,2004,16824
AUT,2004,15254
DNK,2004,13863
GRC,2004,12978
HKG,2004,12596
FIN,2004,12440
CZE,2004,11565
SGP,2004,11237
NOR,2004,10521
PRT,2004,9449
ARG,2004,9113
ZAF,2004,8764
NZL,2004,8696
HUN,2004,8506
IRL,2004,8306
UKR,2004,7395
IRN,2004,6950
CHL,2004,5929
EGY,2004,5518
COL,2004,4838
THA,2004,4546
SVK,2004,4106
ROU,2004,4071
MYS,2004,3901
SVN,2004,3873
HRV,2004,3660
NGA,2004,3648
BGR,2004,3448
IDN,2004,3200
SRB,2004,3008
TUN,2004,2907
VEN,2004,2728
CUB,2004,2548
PAK,2004,2543
SAU,2004,2449
MAR,2004,2316
DZA,2004,2246
LTU,2004,1993
BLR,2004,1818
KEN,2004,1776
PER,2004,1711
VNM,2004,1636
EST,2004,1388
BGD,2004,1283
PRI,2004,1234
PHL,2004,1200
ETH,2004,1069
CRI,2004,1064
LVA,2004,1036
ARE,2004,1022
LBN,2004,934
JOR,2004,930
URY,2004,905
TZA,2004,902
UGA,2004,855
GHA,2004,826
LUX,2004,790
KWT,2004,776
CYP,2004,748
CMR,2004,742
LKA,2004,724
ARM,2004,678
ISL,2004,656
QAT,2004,619
NPL,2004,560
UZB,2004,558
SEN,2004,547
BOL,2004,525
OMN,2004,508
KAZ,2004,474
CIV,2004,436
ECU,2004,432
VGB,2004,415
GEO,2004,406
SSD,2004,394
MKD,2004,393
MMR,2004,370
MNG,2004,370
ZWE,2004,365
AZE,2004,363
PAN,2004,360
BEN,2004,344
BIH,2004,330
TJK,2004,321
JAM,2004,319
MOZ,2004,294
MDA,2004,292
NER,2004,292
BDI,2004,272
SYR,2004,270
MLI,2004,263
KHM,2004,260
BWA,2004,253
ZMB,2004,253
SDN,2004,252
GUF,2004,246
GTM,2004,244
MWI,2004,231
IRQ,2004,228
BFA,2004,224
REU,2004,220
SLV,2004,218
BHR,2004,212
MNE,2004,207
GLP,2004,198
PSE,2004,192
TTO,2004,191
MLT,2004,190
NIC,2004,179
YEM,2004,172
PRY,2004,162
MAC,2004,158
DOM,2004,152
RWA,2004,149
MDG,2004,136
ALB,2004,132
COG,2004,131
BRB,2004,122
BLZ,2004,121
GAB,2004,118
FJI,2004,110
MUS,2004,103
HND,2004,102
GMB,2004,99
TGO,2004,92
LBY,2004,90
MDV,2004,90
BRN,2004,89
MCO,2004,87
NCL,2004,86
COD,2004,83
STP,2004,83
PNG,2004,79
NAM,2004,77
LAO,2004,75
GNB,2004,74
AGO,2004,73
GRL,2004,67
CUW,2004,66
AFG,2004,61
LIE,2004,60
KGZ,2004,58
MTQ,2004,58
PYF,2004,55
BMU,2004,50
SWZ,2004,50
SOM,2004,45
GIN,2004,42
GUM,2004,42
VIR,2004,41
CAF,2004,36
LSO,2004,32
ERI,2004,31
SYC,2004,31
BHS,2004,30
MRT,2004,30
TKM,2004,28
LBR,2004,27
TCD,2004,26
CYM,2004,25
SLE,2004,24
GRD,2004,20
PRK,2004,20
GIB,2004,19
FRO,2004,18
ASM,2004,17
MSR,2004,17
CPV,2004,16
VAT,2004,16
GNQ,2004,15
IMN,2004,15
SUR,2004,15
GUY,2004,14
KNA,2004,14
SJM,2004,14
FLK,2004,13
TON,2004,13
USA,2003,593803
GBR,2003,150485
JPN,2003,147422
CHN,2003,131887
DEU,2003,127223
FRA,2003,104834
CAN,2003,71280
ITA,2003,62080
ESP,2003,50112
AUS,2003,48427
NLD,2003,37074
BRA,2003,36936
RUS,2003,36314
KOR,2003,34021
IND,2003,32915
POL,2003,30283
CHE,2003,26541
TWN,2003,25932
SWE,2003,25030
BEL,2003,23782
ISR,2003,17063
TUR,2003,15734
MEX,2003,15502
AUT,2003,14235
DNK,2003,13044
GRC,2003,12348
FIN,2003,12275
HKG,2003,12163
CZE,2003,10533
SGP,2003,10058
NOR,2003,9941
PRT,2003,8905
HUN,2003,8392
ARG,2003,8312
NZL,2003,8176
ZAF,2003,8071
IRL,2003,6950
UKR,2003,6859
EGY,2003,6149
CHL,2003,5723
IRN,2003,5202
THA,2003,4163
COL,2003,3980
ROU,2003,3802
SVN,2003,3796
SVK,2003,3725
BGR,2003,3199
HRV,2003,3172
MYS,2003,2947
TUN,2003,2734
VEN,2003,2680
SRB,2003,2652
NGA,2003,2584
IDN,2003,2420
CUB,2003,2400
SAU,2003,2269
PAK,2003,2176
MAR,2003,2123
BLR,2003,1935
VNM,2003,1819
PER,2003,1625
LTU,2003,1617
DZA,2003,1528
KEN,2003,1513
PRI,2003,1286
EST,2003,1190
PHL,2003,1151
BGD,2003,1135
LVA,2003,1023
ETH,2003,949
CRI,2003,906
JOR,2003,883
ARE,2003,881
KWT,2003,813
TZA,2003,809
UGA,2003,781
URY,2003,772
NPL,2003,762
LBN,2003,757
GHA,2003,706
ARM,2003,674
LKA,2003,673
CYP,2003,653
CMR,2003,643
ISL,2003,617
LUX,2003,587
UZB,2003,556
QAT,2003,551
SEN,2003,539
KAZ,2003,496
BOL,2003,483
OMN,2003,461
SSD,2003,416
CIV,2003,402
AZE,2003,394
PAN,2003,385
ZWE,2003,376
MKD,2003,371
MMR,2003,370
GEO,2003,362
ECU,2003,359
VGB,2003,333
BEN,2003,331
MDA,2003,323
BIH,2003,320
MOZ,2003,273
TJK,2003,272
ZMB,2003,272
JAM,2003,255
NER,2003,255
MNG,2003,248
BDI,2003,238
BWA,2003,225
GTM,2003,224
MLT,2003,221
BFA,2003,220
MWI,2003,213
MLI,2003,210
SLV,2003,208
SDN,2003,199
KHM,2003,192
SYR,2003,189
IRQ,2003,179
TTO,2003,178
REU,2003,173
PSE,2003,171
BHR,2003,166
PRY,2003,155
DOM,2003,154
MNE,2003,149
MDG,2003,143
GLP,2003,135
RWA,2003,127
NIC,2003,126
MAC,2003,125
BRN,2003,122
YEM,2003,119
ALB,2003,118
GMB,2003,107
GUF,2003,104
BRB,2003,103
COG,2003,103
PNG,2003,102
FJI,2003,94
HND,2003,93
MUS,2003,92
TGO,2003,87
NCL,2003,83
COD,2003,81
GAB,2003,80
BLZ,2003,77
LAO,2003,76
LBY,2003,74
GNB,2003,72
MDV,2003,66
AGO,2003,65
MCO,2003,63
STP,2003,62
NAM,2003,61
KGZ,2003,56
CUW,2003,55
GUM,2003,54
TCD,2003,54
BMU,2003,49
SOM,2003,46
PYF,2003,45
GIN,2003,43
AFG,2003,38
GRL,2003,34
CAF,2003,32
ERI,2003,31
MTQ,2003,31
LIE,2003,30
SWZ,2003,28
SLE,2003,27
PRK,2003,26
MRT,2003,25
FRO,2003,24
GIB,2003,23
CPV,2003,22
LSO,2003,22
TKM,2003,22
VIR,2003,22
BHS,2003,21
SYC,2003,21
FLK,2003,20
GRD,2003,18
LBR,2003,17
VAT,2003,17
IMN,2003,16
ASM,2003,15
FSM,2003,15
HTI,2003,15
CYM,2003,15
JEY,2003,12
VUT,2003,12
WSM,2003,12
DJI,2003,11
KNA,2003,11
USA,1998,418939
GBR,1998,114463
JPN,1998,104509
DEU,1998,94633
FRA,1998,73126
CAN,1998,48225
ITA,1998,39856
AUS,1998,32265
CHN,1998,29782
ESP,1998,29745
NLD,1998,26657
RUS,1998,23183
IND,1998,20310
SWE,1998,18427
CHE,1998,18413
BRA,1998,18264
POL,1998,17822
BEL,1998,15909
KOR,1998,14466
ISR,1998,12193
TWN,1998,11420
MEX,1998,9820
DNK,1998,9611
AUT,1998,9455
FIN,1998,8272
NOR,1998,7124
CZE,1998,6925
GRC,1998,6688
TUR,1998,5867
NZL,1998,5677
HKG,1998,5508
HUN,1998,5498
ZAF,1998,5179
ARG,1998,5082
IRL,1998,4349
SGP,1998,4189
UKR,1998,4142
PRT,1998,4071
CHL,1998,3123
EGY,1998,3064
SVK,1998,2870
BGR,1998,2529
ROU,1998,2390
COL,1998,2120
HRV,1998,1981
SVN,1998,1886
THA,1998,1748
SAU,1998,1679
TUN,1998,1606
CUB,1998,1558
VEN,1998,1489
MAR,1998,1486
PAK,1998,1468
SRB,1998,1422
MYS,1998,1326
IRN,1998,1263
BLR,1998,1115
NGA,1998,1087
PER,1998,985
IDN,1998,973
PRI,1998,819
PHL,1998,807
EST,1998,741
KEN,1998,739
LTU,1998,729
BGD,1998,713
LVA,1998,672
DZA,1998,656
KWT,1998,639
VNM,1998,614
CRI,1998,525
JOR,1998,497
ARM,1998,482
URY,1998,445
SSD,1998,427
UZB,1998,402
ARE,1998,395
ETH,1998,395
CMR,1998,384
LKA,1998,380
GHA,1998,377
ISL,1998,366
ZWE,1998,344
TZA,1998,336
CYP,1998,324
LBN,1998,321
UGA,1998,320
QAT,1998,308
LUX,1998,300
GEO,1998,298
NPL,1998,282
BOL,1998,281
TJK,1998,280
CIV,1998,275
KAZ,1998,256
PAN,1998,245
OMN,1998,235
NER,1998,231
ECU,1998,230
MMR,1998,230
VGB,1998,213
GTM,1998,202
SEN,1998,202
JAM,1998,196
AZE,1998,194
MLI,1998,180
MDA,1998,176
BDI,1998,173
SDN,1998,159
MOZ,1998,158
MLT,1998,145
MKD,1998,144
BFA,1998,137
ZMB,1998,136
SLV,1998,134
BWA,1998,132
MNG,1998,131
KHM,1998,129
REU,1998,126
TTO,1998,118
DOM,1998,117
SYR,1998,117
MWI,1998,108
PRY,1998,108
GLP,1998,101
ALB,1998,100
BIH,1998,95
BHR,1998,94
BEN,1998,86
PNG,1998,86
BLZ,1998,77
YEM,1998,76
HND,1998,74
GMB,1998,71
BRN,1998,67
IRQ,1998,67
NIC,1998,66
PSE,1998,63
GAB,1998,59
LBY,1998,58
BRB,1998,56
MDG,1998,56
GUF,1998,55
NCL,1998,53
COD,1998,51
GNB,1998,48
LAO,1998,46
TGO,1998,45
MCO,1998,44
NAM,1998,42
CUW,1998,39
PYF,1998,38
MUS,1998,37
FJI,1998,33
MTQ,1998,33
GIN,1998,32
GUM,1998,32
MNE,1998,31
COG,1998,26
MAC,1998,26
SWZ,1998,26
GIB,1998,25
RWA,1998,25
SOM,1998,25
AGO,1998,24
IMN,1998,24
BHS,1998,22
TKM,1998,21
VIR,1998,20
BMU,1998,19
GRL,1998,19
KGZ,1998,19
ERI,1998,18
LSO,1998,18
STP,1998,15
CAF,1998,14
SLE,1998,14
JEY,1998,13
LIE,1998,13
ALA,1998,11
KNA,1998,11
MDV,1998,11
FRO,1998,10
GUY,1998,10
MRT,1998,10
MSR,1998,9
AFG,1998,8
ASM,1998,8
SYC,1998,8
SJM,1998,8
VAT,1998,8
AND,1998,7
FLK,1998,7
HTI,1998,7
ATG,1998,6
GRD,1998,6
PRK,1998,6
LBR,1998,6
SMR,1998,6
USA,2008,767516
CHN,2008,522181
GBR,2008,200008
DEU,2008,181289
FRA,2008,170802
JPN,2008,160393
CAN,2008,103087
ITA,2008,89903
ESP,2008,78620
BRA,2008,73037
AUS,2008,72658
IND,2008,62540
KOR,2008,57866
NLD,2008,53329
RUS,2008,46886
CHE,2008,40704
POL,2008,40296
TWN,2008,38424
BEL,2008,37167
SWE,2008,32582
TUR,2008,25410
MEX,2008,23000
AUT,2008,22076
IRN,2008,21377
ISR,2008,21069
DNK,2008,20784
GRC,2008,19906
CZE,2008,17108
PRT,2008,17082
FIN,2008,16581
NOR,2008,15902
HKG,2008,15271
SGP,2008,14325
ARG,2008,13418
ZAF,2008,13399
IRL,2008,13395
NZL,2008,13112
HUN,2008,11275
COL,2008,10790
CHL,2008,9393
ROU,2008,9361
EGY,2008,9093
MYS,2008,9004
THA,2008,8552
UKR,2008,8312
HRV,2008,7245
IDN,2008,6572
SVK,2008,6183
BGR,2008,6078
SVN,2008,5652
PAK,2008,5496
TUN,2008,5115
SRB,2008,4811
VEN,2008,4509
NGA,2008,4354
DZA,2008,3746
CUB,2008,3741
MAR,2008,3357
SAU,2008,3354
PER,2008,2997
BGD,2008,2678
VNM,2008,2677
LTU,2008,2423
EST,2008,2243
KEN,2008,2170
BLR,2008,2146
PHL,2008,2040
PRI,2008,1923
TJK,2008,1886
LVA,2008,1821
LUX,2008,1785
ARE,2008,1739
JOR,2008,1662
ETH,2008,1579
URY,2008,1490
CYP,2008,1463
CRI,2008,1455
LBN,2008,1453
IRQ,2008,1393
LKA,2008,1365
TZA,2008,1285
KWT,2008,1216
GHA,2008,1197
UGA,2008,1172
QAT,2008,1164
NPL,2008,1115
ISL,2008,1038
CMR,2008,1018
ARM,2008,989
BOL,2008,918
KAZ,2008,840
ECU,2008,820
OMN,2008,754
MKD,2008,718
UZB,2008,699
SEN,2008,685
BIH,2008,682
MNG,2008,644
SSD,2008,637
AZE,2008,623
PAN,2008,622
CIV,2008,605
MOZ,2008,582
BEN,2008,557
REU,2008,544
BFA,2008,530
MDA,2008,510
GEO,2008,504
ZWE,2008,473
VGB,2008,466
MAC,2008,463
MMR,2008,458
SDN,2008,438
MLI,2008,417
MWI,2008,404
ZMB,2008,403
MLT,2008,395
JAM,2008,391
BDI,2008,383
SYR,2008,358
BWA,2008,350
GTM,2008,346
NER,2008,345
PSE,2008,318
KHM,2008,312
LBY,2008,308
NIC,2008,304
YEM,2008,303
TTO,2008,297
GLP,2008,282
PRY,2008,279
MDG,2008,278
BHR,2008,253
ALB,2008,239
MNE,2008,236
COG,2008,220
BRN,2008,207
SLV,2008,193
COD,2008,191
RWA,2008,189
DOM,2008,178
FJI,2008,170
NCL,2008,162
GMB,2008,153
MUS,2008,148
PNG,2008,145
STP,2008,131
MDV,2008,130
GUF,2008,129
HND,2008,128
LAO,2008,126
KGZ,2008,125
BRB,2008,124
GAB,2008,122
BLZ,2008,114
GRD,2008,111
NAM,2008,104
TGO,2008,104
BHS,2008,103
MCO,2008,102
LIE,2008,100
CUW,2008,86
PYF,2008,85
MTQ,2008,84
AGO,2008,81
BMU,2008,74
GUM,2008,67
SOM,2008,66
GNB,2008,60
LSO,2008,56
GIN,2008,52
AFG,2008,50
CYM,2008,50
SWZ,2008,49
LBR,2008,46
GIB,2008,42
CAF,2008,41
CPV,2008,39
GRL,2008,39
SYC,2008,39
ASM,2008,37
PRK,2008,37
SLE,2008,36
KNA,2008,35
HTI,2008,32
FRO,2008,30
TCD,2008,29
IMN,2008,28
ERI,2008,27
ATG,2008,25
VIR,2008,25
MRT,2008,24
JEY,2008,23
SMR,2008,22
VAT,2008,21
BTN,2008,19
SJM,2008,19
FLK,2008,18
GNQ,2008,18
USA,2009,778948
CHN,2009,590333
GBR,2009,213688
DEU,2009,187393
FRA,2009,179403
JPN,2009,160822
CAN,2009,111445
ITA,2009,95636
ESP,2009,87796
BRA,2009,81815
AUS,2009,79982
IND,2009,71118
KOR,2009,64651
NLD,2009,58943
RUS,2009,58158
POL,2009,45641
CHE,2009,43658
TWN,2009,40454
BEL,2009,39115
SWE,2009,35268
TUR,2009,28014
MEX,2009,26497
AUT,2009,25954
IRN,2009,25353
DNK,2009,23484
ISR,2009,21410
GRC,2009,20150
PRT,2009,19052
CZE,2009,18662
NOR,2009,18342
FIN,2009,18039
HKG,2009,16233
SGP,2009,15841
IRL,2009,15172
ARG,2009,14901
ZAF,2009,14722
NZL,2009,13766
COL,2009,13304
MYS,2009,11952
HUN,2009,11708
EGY,2009,10687
CHL,2009,10471
ROU,2009,10205
THA,2009,9426
IDN,2009,9149
UKR,2009,8825
HRV,2009,8181
SVK,2009,7342
PAK,2009,6538
SVN,2009,6102
SRB,2009,5807
TUN,2009,5648
NGA,2009,5395
BGR,2009,4917
VEN,2009,4662
SAU,2009,4559
CUB,2009,4349
DZA,2009,4109
MAR,2009,3787
VNM,2009,3188
PER,2009,3147
BGD,2009,3090
LTU,2009,2569
EST,2009,2517
KEN,2009,2388
PHL,2009,2309
LUX,2009,2223
BLR,2009,2199
CRI,2009,2161
TJK,2009,2139
PRI,2009,2048
LKA,2009,1984
ARE,2009,1965
LVA,2009,1957
JOR,2009,1927
IRQ,2009,1924
ETH,2009,1769
CYP,2009,1711
LBN,2009,1630
URY,2009,1517
TZA,2009,1484
GHA,2009,1439
QAT,2009,1323
UGA,2009,1309
ECU,2009,1221
KWT,2009,1217
ISL,2009,1187
BOL,2009,1151
NPL,2009,995
CMR,2009,990
KAZ,2009,932
ARM,2009,919
OMN,2009,887
BIH,2009,847
AZE,2009,841
MKD,2009,807
UZB,2009,777
SSD,2009,752
CIV,2009,751
MNG,2009,728
BEN,2009,714
SEN,2009,669
PAN,2009,648
MAC,2009,637
GEO,2009,619
MMR,2009,584
SDN,2009,557
MOZ,2009,552
MDA,2009,528
VGB,2009,528
JAM,2009,506
GTM,2009,501
REU,2009,492
BFA,2009,486
TTO,2009,461
MLI,2009,454
MWI,2009,433
PRY,2009,429
ZMB,2009,429
ZWE,2009,426
KHM,2009,405
MLT,2009,393
NER,2009,376
BDI,2009,373
BWA,2009,372
SYR,2009,352
PSE,2009,343
YEM,2009,324
BHR,2009,312
GLP,2009,304
LBY,2009,277
MNE,2009,277
MDG,2009,274
COG,2009,269
NIC,2009,266
SLV,2009,258
ALB,2009,239
RWA,2009,235
BRN,2009,219
DOM,2009,219
COD,2009,204
HND,2009,176
FJI,2009,171
GAB,2009,168
NCL,2009,166
STP,2009,159
MUS,2009,155
GUF,2009,149
LIE,2009,142
PNG,2009,139
LAO,2009,138
NAM,2009,137
BLZ,2009,136
GMB,2009,136
AGO,2009,135
MCO,2009,129
BRB,2009,128
SOM,2009,115
MTQ,2009,112
MDV,2009,112
PYF,2009,109
TGO,2009,106
GRD,2009,102
CUW,2009,99
KGZ,2009,96
GUM,2009,84
AFG,2009,79
BMU,2009,74
GNB,2009,65
BHS,2009,64
LSO,2009,61
GRL,2009,60
SWZ,2009,58
GIN,2009,48
FRO,2009,46
VIR,2009,46
CYM,2009,44
KNA,2009,43
TCD,2009,42
HTI,2009,39
SYC,2009,39
ERI,2009,37
LBR,2009,37
SLE,2009,37
ASM,2009,36
VAT,2009,34
CPV,2009,33
MRT,2009,33
CAF,2009,32
PRK,2009,32
IMN,2009,30
ATG,2009,29
GUY,2009,29
DJI,2009,28
GIB,2009,25
SJM,2009,24
BTN,2009,21
VUT,2009,21
TKM,2009,20
USA,2010,812511
CHN,2010,643707
GBR,2010,224588
DEU,2010,204485
FRA,2010,187041
JPN,2010,161672
CAN,2010,114658
ITA,2010,98770
ESP,2010,94376
BRA,2010,90400
AUS,2010,86147
IND,2010,83885
KOR,2010,73805
NLD,2010,62674
RUS,2010,50350
POL,2010,48917
CHE,2010,46083
TWN,2010,44256
BEL,2010,41832
SWE,2010,36073
IRN,2010,31908
TUR,2010,31096
MEX,2010,26967
AUT,2010,24939
DNK,2010,24690
PRT,2010,21775
ISR,2010,21746
GRC,2010,20894
NOR,2010,19585
CZE,2010,19582
FIN,2010,18733
HKG,2010,17820
SGP,2010,17513
ARG,2010,16617
IRL,2010,16460
ZAF,2010,16430
MYS,2010,16288
COL,2010,15773
NZL,2010,14941
CHL,2010,12679
ROU,2010,12521
EGY,2010,12162
HUN,2010,11776
IDN,2010,11646
THA,2010,10936
UKR,2010,9415
HRV,2010,8539
PAK,2010,7817
NGA,2010,7303
SAU,2010,6930
SVK,2010,6897
SRB,2010,6592
SVN,2010,6261
TUN,2010,6171
BGR,2010,5058
CUB,2010,4786
VEN,2010,4452
DZA,2010,4111
MAR,2010,4079
PER,2010,3523
BGD,2010,3513
VNM,2010,3267
LTU,2010,2904
EST,2010,2808
KEN,2010,2673
LUX,2010,2579
PHL,2010,2573
IRQ,2010,2417
JOR,2010,2241
LVA,2010,2241
BLR,2010,2225
ARE,2010,2224
TJK,2010,2176
PRI,2010,2102
ETH,2010,2053
CRI,2010,2010
LKA,2010,1968
CYP,2010,1909
URY,2010,1883
LBN,2010,1729
QAT,2010,1678
UGA,2010,1625
GHA,2010,1597
TZA,2010,1494
ISL,2010,1373
NPL,2010,1346
KWT,2010,1336
ECU,2010,1294
BOL,2010,1182
ARM,2010,1079
CMR,2010,1033
OMN,2010,1013
BIH,2010,1012
KAZ,2010,998
MKD,2010,959
AZE,2010,913
UZB,2010,868
MNG,2010,858
CIV,2010,800
MAC,2010,790
SEN,2010,769
PAN,2010,730
BEN,2010,691
SSD,2010,672
SDN,2010,653
VGB,2010,651
MOZ,2010,611
MMR,2010,596
ZWE,2010,582
GEO,2010,573
REU,2010,553
MDA,2010,514
SYR,2010,511
YEM,2010,506
TTO,2010,505
ZMB,2010,493
BFA,2010,491
JAM,2010,486
PSE,2010,480
BDI,2010,474
MLI,2010,467
GTM,2010,462
MLT,2010,459
PRY,2010,458
ALB,2010,447
MWI,2010,443
KHM,2010,409
NER,2010,402
BWA,2010,395
LBY,2010,378
GLP,2010,356
BHR,2010,330
MNE,2010,320
NIC,2010,319
MDG,2010,295
SLV,2010,270
DOM,2010,263
COD,2010,249
RWA,2010,249
NCL,2010,212
BRN,2010,206
COG,2010,206
MUS,2010,202
FJI,2010,184
LAO,2010,184
GAB,2010,180
HND,2010,180
STP,2010,173
TGO,2010,165
GMB,2010,151
PNG,2010,142
BRB,2010,141
GUF,2010,138
AGO,2010,136
NAM,2010,128
MCO,2010,127
LIE,2010,124
GRD,2010,119
BLZ,2010,116
PYF,2010,115
KGZ,2010,114
MTQ,2010,110
CUW,2010,97
AFG,2010,96
SOM,2010,93
MDV,2010,91
GRL,2010,86
SWZ,2010,85
GUM,2010,83
LSO,2010,73
KNA,2010,72
GNB,2010,71
BHS,2010,69
SLE,2010,65
CYM,2010,62
BMU,2010,61
ERI,2010,59
GIN,2010,50
GUY,2010,48
LBR,2010,47
SYC,2010,47
FRO,2010,45
BTN,2010,43
HTI,2010,43
VIR,2010,40
CPV,2010,38
CAF,2010,35
ASM,2010,33
MRT,2010,33
VUT,2010,32
ATG,2010,31
TKM,2010,29
FLK,2010,28
PRK,2010,28
VAT,2010,28
SJM,2010,27
TCD,2010,25
FSM,2010,24
DJI,2010,23
USA,2012,877714
CHN,2012,640773
GBR,2012,247832
FRA,2012,217941
DEU,2012,216428
JPN,2012,174001
CAN,2012,125237
IND,2012,124862
BRA,2012,121221
ITA,2012,114194
ESP,2012,112230
AUS,2012,104593
KOR,2012,91875
NLD,2012,70243
POL,2012,63103
RUS,2012,58376
CHE,2012,52761
IRN,2012,49617
BEL,2012,48083
TWN,2012,46951
SWE,2012,42537
TUR,2012,39129
DNK,2012,36902
MEX,2012,32841
PRT,2012,29058
AUT,2012,27485
MYS,2012,25820
IDN,2012,23617
ISR,2012,23602
ZAF,2012,23337
CZE,2012,23010
NOR,2012,22911
GRC,2012,22391
FIN,2012,21631
SGP,2012,20738
ARG,2012,20279
COL,2012,20234
HKG,2012,18793
IRL,2012,18042
NZL,2012,16786
EGY,2012,16714
ROU,2012,14401
CHL,2012,14193
THA,2012,14031
HUN,2012,13427
SAU,2012,13425
UKR,2012,12481
PAK,2012,11346
NGA,2012,10109
HRV,2012,9949
SRB,2012,9638
SVK,2012,8691
UZB,2012,8514
TUN,2012,8116
SVN,2012,7520
DZA,2012,6306
BGD,2012,6248
MAR,2012,6056
BGR,2012,5594
CUB,2012,5449
PER,2012,4752
VNM,2012,4666
LTU,2012,4146
VEN,2012,4051
KEN,2012,3650
PHL,2012,3565
IRQ,2012,3515
LUX,2012,3435
EST,2012,3236
ARE,2012,3208
LVA,2012,3082
JOR,2012,2954
QAT,2012,2789
LKA,2012,2717
CRI,2012,2710
BLR,2012,2550
ETH,2012,2537
CYP,2012,2499
NPL,2012,2416
LBN,2012,2388
PRI,2012,2329
URY,2012,2217
GHA,2012,2214
UGA,2012,2062
TJK,2012,2008
TZA,2012,1990
ECU,2012,1707
MKD,2012,1581
BIH,2012,1551
CMR,2012,1537
ISL,2012,1528
KAZ,2012,1429
BOL,2012,1419
KWT,2012,1394
OMN,2012,1383
MNG,2012,1374
ARM,2012,1356
AZE,2012,1209
MAC,2012,1126
SEN,2012,1084
CIV,2012,1036
BEN,2012,1019
ZWE,2012,883
SDN,2012,870
GEO,2012,845
SSD,2012,845
PAN,2012,835
BFA,2012,769
MMR,2012,740
MLT,2012,727
MOZ,2012,714
YEM,2012,700
PSE,2012,668
KHM,2012,656
REU,2012,650
SYR,2012,632
VGB,2012,624
ZMB,2012,623
MDA,2012,609
ALB,2012,606
GTM,2012,605
MWI,2012,596
MLI,2012,578
BWA,2012,558
JAM,2012,552
PRY,2012,532
BDI,2012,517
MNE,2012,501
NER,2012,489
BHR,2012,480
TTO,2012,468
HND,2012,464
NIC,2012,464
RWA,2012,453
GLP,2012,414
COD,2012,386
LBY,2012,379
MDG,2012,349
BRN,2012,331
SLV,2012,304
DOM,2012,290
FJI,2012,278
MUS,2012,273
COG,2012,242
STP,2012,225
NAM,2012,222
LAO,2012,221
AGO,2012,213
TGO,2012,207
GAB,2012,206
PNG,2012,182
NCL,2012,178
GRD,2012,177
GMB,2012,172
KGZ,2012,172
PYF,2012,172
GUF,2012,165
MCO,2012,159
BRB,2012,157
LIE,2012,154
MTQ,2012,142
ATG,2012,139
GRL,2012,139
MDV,2012,138
AFG,2012,134
SOM,2012,132
GIN,2012,130
GUM,2012,112
CUW,2012,102
GNB,2012,85
HTI,2012,83
SWZ,2012,79
BHS,2012,78
SLE,2012,78
KNA,2012,70
PRK,2012,70
BLZ,2012,65
MRT,2012,64
ASM,2012,63
BMU,2012,62
LSO,2012,60
CAF,2012,59
CYM,2012,58
SYC,2012,57
TCD,2012,48
SMR,2012,46
FRO,2012,45
CPV,2012,44
GIB,2012,44
SJM,2012,40
TKM,2012,38
GUY,2012,37
DJI,2012,36
LBR,2012,35
SUR,2012,35
BTN,2012,33
ERI,2012,32
VIR,2012,31
DMA,2012,28
USA,2011,865677
CHN,2011,701734
GBR,2011,235302
DEU,2011,203765
FRA,2011,202676
JPN,2011,168242
CAN,2011,122089
ESP,2011,107043
ITA,2011,105136
BRA,2011,102247
IND,2011,99635
AUS,2011,97247
KOR,2011,83443
NLD,2011,67257
POL,2011,55693
RUS,2011,53718
CHE,2011,47527
TWN,2011,46899
BEL,2011,44304
IRN,2011,43174
SWE,2011,38656
TUR,2011,34995
DNK,2011,34211
MEX,2011,31228
AUT,2011,26502
PRT,2011,25455
GRC,2011,22683
ISR,2011,22507
NOR,2011,21508
MYS,2011,21292
CZE,2011,21081
ZAF,2011,20595
FIN,2011,20313
SGP,2011,19234
HKG,2011,18584
ARG,2011,18274
COL,2011,18006
IRL,2011,17898
NZL,2011,17298
IDN,2011,15056
CHL,2011,14230
EGY,2011,14011
ROU,2011,12911
HUN,2011,12802
THA,2011,11687
SAU,2011,10271
UKR,2011,9843
PAK,2011,9504
HRV,2011,9369
NGA,2011,8694
SRB,2011,8198
SVK,2011,7650
TUN,2011,7482
SVN,2011,7079
BGR,2011,6041
DZA,2011,5173
MAR,2011,5170
CUB,2011,5089
VEN,2011,4513
BGD,2011,4040
VNM,2011,3946
PER,2011,3886
CRI,2011,3618
LTU,2011,3269
KEN,2011,3085
EST,2011,3033
LUX,2011,3020
ARE,2011,2782
LVA,2011,2719
PHL,2011,2640
IRQ,2011,2598
JOR,2011,2529
BLR,2011,2439
ETH,2011,2435
LKA,2011,2268
TJK,2011,2246
LBN,2011,2151
CYP,2011,2147
QAT,2011,2109
URY,2011,2077
PRI,2011,2004
GHA,2011,1800
UGA,2011,1759
TZA,2011,1665
NPL,2011,1638
ISL,2011,1467
ECU,2011,1363
KWT,2011,1363
MKD,2011,1315
MNG,2011,1297
BOL,2011,1296
BIH,2011,1259
CMR,2011,1253
OMN,2011,1211
ARM,2011,1153
KAZ,2011,1116
AZE,2011,1070
MAC,2011,1009
SEN,2011,915
SDN,2011,873
UZB,2011,823
BEN,2011,818
CIV,2011,762
PAN,2011,734
SSD,2011,722
ZWE,2011,719
YEM,2011,671
REU,2011,668
GEO,2011,663
MOZ,2011,662
MMR,2011,657
MDA,2011,598
SYR,2011,580
BFA,2011,576
PRY,2011,566
BWA,2011,560
GTM,2011,560
VGB,2011,539
MLT,2011,535
ZMB,2011,534
PSE,2011,527
NIC,2011,525
MLI,2011,523
JAM,2011,516
KHM,2011,512
MWI,2011,503
ALB,2011,499
TTO,2011,489
BHR,2011,466
BDI,2011,403
NER,2011,402
GLP,2011,379
MNE,2011,359
MDG,2011,348
RWA,2011,311
SLV,2011,305
COD,2011,279
LBY,2011,273
DOM,2011,269
COG,2011,261
GAB,2011,240
FJI,2011,230
BRN,2011,222
LAO,2011,222
MUS,2011,219
HND,2011,190
BRB,2011,184
STP,2011,170
NAM,2011,169
GRD,2011,164
GUF,2011,162
KGZ,2011,158
TGO,2011,156
PNG,2011,154
AGO,2011,149
GMB,2011,148
MDV,2011,147
MCO,2011,145
NCL,2011,144
MTQ,2011,143
ATG,2011,135
LIE,2011,135
GUM,2011,134
PYF,2011,129
AFG,2011,124
GRL,2011,122
BLZ,2011,114
SOM,2011,114
CUW,2011,109
SWZ,2011,80
BHS,2011,74
GNB,2011,74
ASM,2011,68
CYM,2011,67
LSO,2011,65
SLE,2011,65
VIR,2011,57
GIN,2011,56
BMU,2011,55
CAF,2011,55
FRO,2011,54
SYC,2011,53
PRK,2011,46
KNA,2011,45
GUY,2011,44
HTI,2011,44
LBR,2011,44
MRT,2011,44
TKM,2011,42
TCD,2011,41
JEY,2011,40
CPV,2011,39
VUT,2011,37
BTN,2011,35
ERI,2011,35
WSM,2011,29
DJI,2011,28
SMR,2011,28
SJM,2011,27
USA,2007,703629
CHN,2007,461615
GBR,2007,190396
FRA,2007,160514
DEU,2007,158072
JPN,2007,153509
CAN,2007,95585
ITA,2007,81479
ESP,2007,71299
AUS,2007,67039
BRA,2007,63790
IND,2007,57880
KOR,2007,52922
NLD,2007,48561
RUS,2007,42887
POL,2007,37250
CHE,2007,36655
TWN,2007,35377
BEL,2007,32083
SWE,2007,29099
TUR,2007,24756
MEX,2007,21756
ISR,2007,19339
AUT,2007,19245
CZE,2007,18683
DNK,2007,18450
GRC,2007,17847
IRN,2007,16585
FIN,2007,15015
PRT,2007,14516
NOR,2007,14436
HKG,2007,14075
SGP,2007,13020
IRL,2007,12292
ARG,2007,11937
NZL,2007,11802
ZAF,2007,11728
HUN,2007,10556
COL,2007,8967
CHL,2007,8535
EGY,2007,8056
UKR,2007,8036
THA,2007,7285
ROU,2007,7098
MYS,2007,6121
IDN,2007,5765
HRV,2007,5517
SVK,2007,5410
SVN,2007,5116
PAK,2007,4795
TUN,2007,4430
SRB,2007,4346
BGR,2007,4295
NGA,2007,4268
VEN,2007,4222
CUB,2007,3475
DZA,2007,3375
MAR,2007,3295
SAU,2007,2798
PER,2007,2649
BLR,2007,2294
LTU,2007,2280
BGD,2007,2246
VNM,2007,2165
EST,2007,2072
KEN,2007,1948
PRI,2007,1787
PHL,2007,1661
LVA,2007,1565
ARE,2007,1558
LUX,2007,1519
CRI,2007,1461
JOR,2007,1445
ETH,2007,1435
LBN,2007,1283
TZA,2007,1218
URY,2007,1213
CYP,2007,1199
GHA,2007,1135
LKA,2007,1133
KWT,2007,1058
UGA,2007,1016
IRQ,2007,986
NPL,2007,957
ARM,2007,919
CMR,2007,918
QAT,2007,892
ISL,2007,882
BOL,2007,837
SEN,2007,722
SSD,2007,721
UZB,2007,720
ECU,2007,717
OMN,2007,700
KAZ,2007,687
AZE,2007,580
VGB,2007,580
MKD,2007,573
MNG,2007,571
BIH,2007,543
PAN,2007,535
CIV,2007,519
BEN,2007,517
GEO,2007,504
MMR,2007,467
ZWE,2007,451
MDA,2007,425
TJK,2007,423
MOZ,2007,422
MLI,2007,407
BFA,2007,390
SDN,2007,390
MWI,2007,368
BWA,2007,366
MAC,2007,357
JAM,2007,354
REU,2007,346
ZMB,2007,335
NER,2007,332
TTO,2007,330
GTM,2007,319
BDI,2007,312
KHM,2007,304
PSE,2007,301
MLT,2007,294
SYR,2007,286
PRY,2007,274
NIC,2007,262
GLP,2007,260
BHR,2007,247
YEM,2007,225
MNE,2007,221
MDG,2007,219
RWA,2007,200
LBY,2007,199
DOM,2007,198
GUF,2007,182
COG,2007,179
BRN,2007,178
SLV,2007,172
ALB,2007,167
BLZ,2007,162
FJI,2007,161
COD,2007,152
NCL,2007,130
BRB,2007,129
GMB,2007,123
TGO,2007,120
LAO,2007,119
STP,2007,118
MUS,2007,116
PNG,2007,116
MDV,2007,107
GAB,2007,106
KGZ,2007,101
AGO,2007,99
MCO,2007,99
HND,2007,98
NAM,2007,98
CUW,2007,95
GRD,2007,88
LIE,2007,84
PYF,2007,71
AFG,2007,69
MTQ,2007,69
GNB,2007,66
GRL,2007,63
GIN,2007,62
BMU,2007,61
GUM,2007,58
SOM,2007,49
BHS,2007,48
ERI,2007,48
LSO,2007,48
KNA,2007,44
SWZ,2007,42
VIR,2007,41
CAF,2007,40
TCD,2007,37
SYC,2007,36
HTI,2007,34
SLE,2007,31
ASM,2007,30
IMN,2007,29
PRK,2007,28
MRT,2007,27
FRO,2007,26
LBR,2007,26
TKM,2007,26
FLK,2007,25
GIB,2007,24
FSM,2007,23
GUY,2007,22
CPV,2007,21
DMA,2007,21
CYM,2007,21
BTN,2007,20
DJI,2007,19
VUT,2007,19
USA,2015,981331
CHN,2015,556996
GBR,2015,283784
FRA,2015,248418
DEU,2015,246178
JPN,2015,179478
IND,2015,173019
BRA,2015,166548
CAN,2015,142104
ITA,2015,135280
ESP,2015,131342
AUS,2015,127998
KOR,2015,101506
RUS,2015,97960
POL,2015,88671
NLD,2015,78028
IRN,2015,69410
TUR,2015,61867
CHE,2015,61558
IDN,2015,59584
BEL,2015,53275
SWE,2015,49086
TWN,2015,45129
DNK,2015,43963
MEX,2015,41939
PRT,2015,36558
MYS,2015,34861
AUT,2015,32832
CZE,2015,31785
ZAF,2015,29168
NOR,2015,26934
ISR,2015,26822
FIN,2015,25852
EGY,2015,25480
COL,2015,25292
GRC,2015,25272
SGP,2015,24980
ARG,2015,24342
SAU,2015,22838
ROU,2015,21805
HKG,2015,21683
IRL,2015,20355
CHL,2015,19620
NZL,2015,19382
UKR,2015,17471
PAK,2015,17275
THA,2015,17109
HUN,2015,17057
NGA,2015,16330
TUN,2015,11981
SRB,2015,11660
SVK,2015,11404
HRV,2015,10812
DZA,2015,10384
BGD,2015,10018
SVN,2015,9178
MAR,2015,8122
CUB,2015,7586
PER,2015,7411
BGR,2015,7123
VNM,2015,6959
KEN,2015,5659
PHL,2015,5516
LTU,2015,5490
IRQ,2015,5171
ARE,2015,5145
ETH,2015,5112
ECU,2015,4805
LUX,2015,4750
QAT,2015,4744
CRI,2015,4668
LVA,2015,4138
EST,2015,3985
VEN,2015,3896
JOR,2015,3845
NPL,2015,3726
BLR,2015,3714
GHA,2015,3652
LKA,2015,3508
KAZ,2015,3460
LBN,2015,3337
CYP,2015,3151
PRI,2015,3080
URY,2015,3027
UGA,2015,2448
TZA,2015,2427
MKD,2015,2417
CMR,2015,2286
MAC,2015,2137
OMN,2015,2122
MNG,2015,2094
BIH,2015,2078
KWT,2015,1990
ISL,2015,1966
TJK,2015,1892
BOL,2015,1837
CIV,2015,1765
AZE,2015,1748
ALB,2015,1546
SDN,2015,1540
ARM,2015,1505
ZWE,2015,1477
SEN,2015,1263
MDA,2015,1253
UZB,2015,1201
BEN,2015,1190
GEO,2015,1125
SSD,2015,1115
MMR,2015,1104
PAN,2015,1074
MLT,2015,1016
PRY,2015,1001
ZMB,2015,969
MOZ,2015,961
KHM,2015,953
BFA,2015,924
VGB,2015,915
GTM,2015,907
PSE,2015,890
YEM,2015,867
MWI,2015,816
NIC,2015,778
JAM,2015,777
BWA,2015,762
HND,2015,739
LBY,2015,710
MNE,2015,689
MLI,2015,666
RWA,2015,665
BHR,2015,660
SYR,2015,658
COD,2015,639
BDI,2015,627
REU,2015,618
NER,2015,608
BRN,2015,571
GLP,2015,511
SLV,2015,469
DOM,2015,468
TTO,2015,462
MDG,2015,442
FJI,2015,410
NAM,2015,388
TGO,2015,383
AGO,2015,379
MUS,2015,346
LAO,2015,338
COG,2015,326
KGZ,2015,290
GUF,2015,288
GAB,2015,276
PNG,2015,274
PYF,2015,271
GRD,2015,240
MTQ,2015,229
NCL,2015,224
BRB,2015,218
MCO,2015,215
STP,2015,210
KNA,2015,208
LIE,2015,205
GMB,2015,195
CUW,2015,179
GRL,2015,176
AFG,2015,168
SLE,2015,146
ATG,2015,141
GIN,2015,134
SOM,2015,129
MDV,2015,123
BTN,2015,115
PRK,2015,115
HTI,2015,112
GNB,2015,109
SWZ,2015,104
TCD,2015,103
FRO,2015,102
LSO,2015,102
GUM,2015,96
BHS,2015,89
GIB,2015,82
CPV,2015,81
LBR,2015,77
ASM,2015,76
TKM,2015,63
GUY,2015,62
VUT,2015,62
BMU,2015,61
CYM,2015,60
SUR,2015,60
MRT,2015,58
SMR,2015,54
CAF,2015,53
ERI,2015,51
ABW,2015,49
SYC,2015,49
VIR,2015,48
BLZ,2015,45
SJM,2015,43
USA,2002,612628
JPN,2002,156803
GBR,2002,145980
DEU,2002,126286
FRA,2002,104117
CHN,2002,101254
CAN,2002,72228
ITA,2002,60835
AUS,2002,48306
ESP,2002,47487
RUS,2002,37692
NLD,2002,35834
BRA,2002,34613
KOR,2002,33710
IND,2002,30666
TWN,2002,27039
POL,2002,26253
SWE,2002,25413
CHE,2002,25126
BEL,2002,23022
ISR,2002,17042
MEX,2002,14640
AUT,2002,13319
HKG,2002,13181
TUR,2002,12684
DNK,2002,12511
FIN,2002,12469
GRC,2002,11606
SGP,2002,10525
CZE,2002,9866
NOR,2002,9530
PRT,2002,8677
HUN,2002,8108
NZL,2002,7942
ZAF,2002,7918
ARG,2002,7730
UKR,2002,7388
IRL,2002,6394
EGY,2002,6044
CHL,2002,5372
ROU,2002,4039
IRN,2002,3906
THA,2002,3761
SVK,2002,3733
COL,2002,3712
SVN,2002,3567
BGR,2002,3073
HRV,2002,2997
VEN,2002,2813
SRB,2002,2766
MYS,2002,2735
TUN,2002,2560
SAU,2002,2498
NGA,2002,2469
IDN,2002,2230
CUB,2002,2173
MAR,2002,2172
PAK,2002,1918
BLR,2002,1912
VNM,2002,1703
PER,2002,1565
KEN,2002,1424
DZA,2002,1410
LTU,2002,1410
PRI,2002,1160
PHL,2002,1048
BGD,2002,1043
EST,2002,1037
ETH,2002,979
CRI,2002,964
LVA,2002,895
JOR,2002,827
TZA,2002,801
KWT,2002,781
UGA,2002,740
URY,2002,721
ARM,2002,717
LBN,2002,696
GHA,2002,648
ARE,2002,645
CYP,2002,628
ISL,2002,587
LUX,2002,580
CMR,2002,571
LKA,2002,528
UZB,2002,502
QAT,2002,491
SEN,2002,460
BOL,2002,434
OMN,2002,424
KAZ,2002,423
NPL,2002,396
VGB,2002,390
MMR,2002,388
ZWE,2002,388
MDA,2002,376
ECU,2002,367
GEO,2002,364
SSD,2002,362
MKD,2002,342
PAN,2002,337
CIV,2002,327
AZE,2002,317
JAM,2002,317
BEN,2002,279
BIH,2002,257
MOZ,2002,256
TJK,2002,251
BWA,2002,247
MLI,2002,245
ZMB,2002,236
MWI,2002,218
SDN,2002,211
NER,2002,209
MNG,2002,207
IRQ,2002,205
GTM,2002,204
SLV,2002,201
BDI,2002,196
MLT,2002,189
SYR,2002,181
TTO,2002,177
KHM,2002,173
BFA,2002,172
PRY,2002,170
REU,2002,170
PSE,2002,156
GLP,2002,154
BHR,2002,146
NIC,2002,144
MAC,2002,134
RWA,2002,121
BRN,2002,116
DOM,2002,116
MDG,2002,114
MNE,2002,106
YEM,2002,102
ALB,2002,98
COG,2002,94
BRB,2002,88
GAB,2002,88
MUS,2002,86
PNG,2002,86
HND,2002,82
GMB,2002,80
COD,2002,75
KGZ,2002,73
LBY,2002,72
TGO,2002,72
LAO,2002,69
FJI,2002,68
BLZ,2002,67
GUF,2002,67
GNB,2002,67
GUM,2002,61
CUW,2002,56
GIN,2002,55
MCO,2002,55
NCL,2002,54
NAM,2002,52
STP,2002,48
GRL,2002,43
AGO,2002,42
PYF,2002,41
CAF,2002,39
AFG,2002,38
LIE,2002,38
BMU,2002,37
MTQ,2002,36
SOM,2002,36
SWZ,2002,35
IMN,2002,31
TCD,2002,31
LBR,2002,30
ERI,2002,29
LSO,2002,28
SYC,2002,27
SLE,2002,24
MSR,2002,23
BHS,2002,22
TKM,2002,22
GIB,2002,20
PRK,2002,19
FLK,2002,18
GNQ,2002,18
GRD,2002,17
KNA,2002,16
CYM,2002,16
FRO,2002,15
GUY,2002,14
HTI,2002,14
VUT,2002,14
CPV,2002,13
MRT,2002,13
MDV,2002,13
SJM,2002,13
JEY,2002,11
WSM,2002,11
ASM,2002,10
USA,2016,994796
CHN,2016,481237
GBR,2016,300141
DEU,2016,264294
FRA,2016,258616
IND,2016,195255
BRA,2016,183385
JPN,2016,181907
CAN,2016,150654
ITA,2016,140031
ESP,2016,135317
AUS,2016,134602
RUS,2016,111756
KOR,2016,99992
POL,2016,92754
IDN,2016,85600
NLD,2016,81304
IRN,2016,76967
TUR,2016,68336
CHE,2016,64031
SWE,2016,54442
BEL,2016,54404
DNK,2016,46375
MEX,2016,45010
TWN,2016,43705
PRT,2016,38240
AUT,2016,35562
MYS,2016,34908
CZE,2016,33154
ZAF,2016,32075
EGY,2016,29491
NOR,2016,29441
ISR,2016,28669
FIN,2016,27153
GRC,2016,26849
ARG,2016,26241
COL,2016,25978
SGP,2016,25968
SAU,2016,24541
HKG,2016,22943
CHL,2016,22892
IRL,2016,22449
UKR,2016,21478
NZL,2016,21048
PAK,2016,19930
ROU,2016,19805
THA,2016,18553
NGA,2016,18027
HUN,2016,17076
TUN,2016,13370
SRB,2016,12195
SVK,2016,11998
HRV,2016,11620
DZA,2016,10724
BGD,2016,10494
SVN,2016,9442
MAR,2016,8836
VNM,2016,8414
PER,2016,8103
BGR,2016,7450
CUB,2016,7450
ECU,2016,6598
IRQ,2016,6532
KEN,2016,6166
ARE,2016,5730
QAT,2016,5562
PHL,2016,5385
ETH,2016,5235
LTU,2016,5127
LUX,2016,4593
CRI,2016,4515
JOR,2016,4185
EST,2016,4141
GHA,2016,4082
VEN,2016,3982
KAZ,2016,3889
CYP,2016,3883
BLR,2016,3830
LBN,2016,3813
LKA,2016,3701
NPL,2016,3622
LVA,2016,3599
URY,2016,3419
PRI,2016,3174
CMR,2016,2601
UGA,2016,2539
MAC,2016,2439
TZA,2016,2392
BIH,2016,2362
MKD,2016,2347
OMN,2016,2192
KWT,2016,2106
BOL,2016,2071
ISL,2016,2060
AZE,2016,1985
CIV,2016,1848
SDN,2016,1761
ARM,2016,1711
TJK,2016,1450
GEO,2016,1443
MNG,2016,1406
SEN,2016,1351
PRY,2016,1350
BEN,2016,1324
UZB,2016,1315
ALB,2016,1302
ZWE,2016,1275
PAN,2016,1234
SSD,2016,1184
MDA,2016,1168
MLT,2016,1134
ZMB,2016,1039
MOZ,2016,1030
MMR,2016,996
BFA,2016,993
PSE,2016,972
YEM,2016,949
GTM,2016,890
BWA,2016,888
KHM,2016,884
MWI,2016,878
NIC,2016,866
MLI,2016,776
VGB,2016,767
REU,2016,760
MNE,2016,731
LBY,2016,718
COD,2016,711
BDI,2016,651
SYR,2016,649
TTO,2016,634
BHR,2016,628
BRN,2016,606
SLV,2016,591
NER,2016,568
RWA,2016,560
JAM,2016,552
DOM,2016,546
MDG,2016,532
GLP,2016,506
NAM,2016,489
FJI,2016,479
TGO,2016,413
COG,2016,403
MUS,2016,396
HND,2016,382
KGZ,2016,376
AGO,2016,360
LAO,2016,323
GRD,2016,301
PYF,2016,296
STP,2016,295
GUF,2016,293
MTQ,2016,255
NCL,2016,255
GAB,2016,254
AFG,2016,246
PNG,2016,243
BRB,2016,235
LIE,2016,227
GMB,2016,220
KNA,2016,219
SLE,2016,219
MCO,2016,202
GRL,2016,194
SOM,2016,166
CUW,2016,150
GIN,2016,146
GUM,2016,140
GNB,2016,139
GUY,2016,139
HTI,2016,123
MDV,2016,121
ATG,2016,115
SWZ,2016,113
BTN,2016,112
CPV,2016,108
BHS,2016,104
FRO,2016,102
PRK,2016,100
TCD,2016,97
LBR,2016,95
LSO,2016,92
MRT,2016,86
ERI,2016,85
CYM,2016,80
SUR,2016,77
VIR,2016,77
ASM,2016,70
SYC,2016,68
CAF,2016,66
TKM,2016,64
SJM,2016,63
GIB,2016,62
SMR,2016,62
DMA,2016,61
ABW,2016,59
BLZ,2016,56
BMU,2016,54
USA,2013,926288
CHN,2013,655059
GBR,2013,261704
FRA,2013,231174
DEU,2013,225646
JPN,2013,174227
IND,2013,143998
CAN,2013,132948
BRA,2013,132262
ITA,2013,123942
ESP,2013,118190
AUS,2013,116392
KOR,2013,98197
POL,2013,75036
NLD,2013,73644
RUS,2013,68610
CHE,2013,55456
IRN,2013,54510
BEL,2013,49517
TWN,2013,48116
TUR,2013,46000
SWE,2013,44271
DNK,2013,39969
MEX,2013,35949
IDN,2013,33702
PRT,2013,31376
AUT,2013,29646
MYS,2013,28909
CZE,2013,26072
ZAF,2013,25946
ISR,2013,25312
NOR,2013,23739
GRC,2013,23337
FIN,2013,23033
COL,2013,22725
SGP,2013,21975
ARG,2013,21927
HKG,2013,19857
EGY,2013,19677
IRL,2013,18603
NZL,2013,17912
ROU,2013,16656
SAU,2013,16324
CHL,2013,15394
UKR,2013,14896
THA,2013,14606
HUN,2013,14081
PAK,2013,13567
NGA,2013,13536
HRV,2013,10017
SRB,2013,9723
SVK,2013,9684
TUN,2013,9375
SVN,2013,8029
BGD,2013,7815
DZA,2013,7643
MAR,2013,7027
CUB,2013,6172
BGR,2013,5977
PER,2013,5826
VNM,2013,5537
IRQ,2013,4511
LTU,2013,4306
LUX,2013,4232
KEN,2013,4109
VEN,2013,4054
PHL,2013,3966
EST,2013,3717
ARE,2013,3709
JOR,2013,3427
CRI,2013,3336
NPL,2013,3292
QAT,2013,3275
ETH,2013,3256
LVA,2013,3054
LKA,2013,3028
BLR,2013,2924
LBN,2013,2887
CYP,2013,2788
GHA,2013,2760
URY,2013,2425
PRI,2013,2371
ECU,2013,2323
KAZ,2013,2136
UGA,2013,2069
TJK,2013,2064
MNG,2013,1961
TZA,2013,1941
MKD,2013,1925
CMR,2013,1854
BIH,2013,1716
ISL,2013,1644
OMN,2013,1637
KWT,2013,1574
ARM,2013,1488
BOL,2013,1486
ZWE,2013,1480
MAC,2013,1460
CIV,2013,1418
ALB,2013,1233
AZE,2013,1189
SEN,2013,1144
SDN,2013,1139
BEN,2013,1098
YEM,2013,949
SSD,2013,937
PAN,2013,901
UZB,2013,893
GEO,2013,892
PRY,2013,832
ZMB,2013,793
PSE,2013,783
MLT,2013,772
MDA,2013,769
MOZ,2013,735
GTM,2013,727
MMR,2013,725
BFA,2013,711
VGB,2013,695
KHM,2013,693
MWI,2013,671
BWA,2013,666
BHR,2013,653
REU,2013,646
MLI,2013,625
SYR,2013,607
NIC,2013,544
LBY,2013,540
BDI,2013,534
JAM,2013,525
MNE,2013,517
NER,2013,471
GLP,2013,470
TTO,2013,460
RWA,2013,457
COD,2013,447
MDG,2013,414
SLV,2013,394
BRN,2013,383
DOM,2013,376
FJI,2013,350
MUS,2013,339
COG,2013,296
HND,2013,296
NAM,2013,287
LAO,2013,249
TGO,2013,237
GAB,2013,236
KGZ,2013,215
AGO,2013,210
PNG,2013,196
STP,2013,187
GRD,2013,186
BRB,2013,185
NCL,2013,184
GMB,2013,182
LIE,2013,182
GUF,2013,181
SOM,2013,165
MCO,2013,160
PYF,2013,158
MTQ,2013,156
GRL,2013,151
AFG,2013,150
ATG,2013,133
GUM,2013,126
MDV,2013,117
BHS,2013,112
CUW,2013,107
SLE,2013,101
HTI,2013,94
SWZ,2013,94
GIN,2013,92
BMU,2013,90
BLZ,2013,85
GNB,2013,85
KNA,2013,85
PRK,2013,78
CPV,2013,77
BTN,2013,72
LSO,2013,70
ASM,2013,67
SYC,2013,65
TCD,2013,63
ERI,2013,58
CYM,2013,56
CAF,2013,55
SMR,2013,55
LBR,2013,54
MRT,2013,53
VIR,2013,51
ABW,2013,49
FRO,2013,49
GUY,2013,48
VAT,2013,45
GIB,2013,41
VUT,2013,40
SUR,2013,35
DJI,2013,34
USA,2014,953976
CHN,2014,623960
GBR,2014,269777
FRA,2014,240636
DEU,2014,235852
JPN,2014,178267
IND,2014,165999
BRA,2014,149401
CAN,2014,140373
ITA,2014,129148
ESP,2014,125757
AUS,2014,121538
KOR,2014,100785
POL,2014,81926
RUS,2014,79734
NLD,2014,75976
IRN,2014,62926
CHE,2014,58134
TUR,2014,53754
BEL,2014,52159
TWN,2014,47982
SWE,2014,47406
DNK,2014,41652
IDN,2014,41104
MEX,2014,39573
PRT,2014,34717
MYS,2014,33844
AUT,2014,31085
CZE,2014,30164
ZAF,2014,28910
ISR,2014,25905
NOR,2014,25595
GRC,2014,24910
FIN,2014,24433
SGP,2014,23873
ARG,2014,23446
COL,2014,23393
EGY,2014,22655
HKG,2014,21246
SAU,2014,20029
ROU,2014,19504
IRL,2014,19290
NZL,2014,18903
CHL,2014,17101
THA,2014,16684
NGA,2014,16678
UKR,2014,16243
HUN,2014,15833
PAK,2014,15575
SVK,2014,11352
SRB,2014,10945
HRV,2014,10595
TUN,2014,10352
PER,2014,10291
BGD,2014,9253
DZA,2014,8585
SVN,2014,8517
MAR,2014,8350
BGR,2014,6888
CUB,2014,6710
VNM,2014,6439
LTU,2014,5633
KEN,2014,5135
PHL,2014,4722
IRQ,2014,4634
ETH,2014,4591
LUX,2014,4489
QAT,2014,4178
ARE,2014,4150
VEN,2014,4030
EST,2014,4009
JOR,2014,3783
CRI,2014,3645
LVA,2014,3535
GHA,2014,3421
BLR,2014,3420
NPL,2014,3389
ECU,2014,3104
LBN,2014,3078
LKA,2014,3026
CYP,2014,2895
KAZ,2014,2874
MNG,2014,2683
PRI,2014,2661
URY,2014,2653
UGA,2014,2530
TZA,2014,2511
TJK,2014,2213
CMR,2014,2160
MKD,2014,2142
OMN,2014,1886
BIH,2014,1876
ISL,2014,1789
MAC,2014,1766
KWT,2014,1740
BOL,2014,1674
CIV,2014,1629
ZWE,2014,1555
ARM,2014,1467
ALB,2014,1387
SDN,2014,1335
AZE,2014,1322
SEN,2014,1295
YEM,2014,1064
BEN,2014,1059
GEO,2014,1024
PAN,2014,1009
MOZ,2014,988
SSD,2014,988
UZB,2014,973
ZMB,2014,929
MLT,2014,922
PRY,2014,899
VGB,2014,888
PSE,2014,876
KHM,2014,875
MMR,2014,836
MDA,2014,831
BFA,2014,781
MWI,2014,771
BWA,2014,743
GTM,2014,729
MLI,2014,687
LBY,2014,667
NIC,2014,661
RWA,2014,661
BHR,2014,646
BDI,2014,644
REU,2014,641
MNE,2014,632
SYR,2014,604
JAM,2014,601
COD,2014,574
TTO,2014,561
DOM,2014,546
NER,2014,512
MDG,2014,483
GLP,2014,481
BRN,2014,476
FJI,2014,419
NAM,2014,403
AGO,2014,377
HND,2014,354
SLV,2014,345
GAB,2014,330
COG,2014,328
MUS,2014,307
NCL,2014,303
LAO,2014,291
TGO,2014,290
GRD,2014,247
KGZ,2014,244
PNG,2014,240
GMB,2014,219
PYF,2014,214
STP,2014,202
GUF,2014,201
MTQ,2014,200
BRB,2014,194
LIE,2014,190
AFG,2014,177
KNA,2014,175
GRL,2014,173
SOM,2014,169
MCO,2014,162
CUW,2014,145
ATG,2014,139
GUM,2014,126
GNB,2014,111
HTI,2014,103
MDV,2014,102
GIN,2014,98
SWZ,2014,98
BHS,2014,97
ASM,2014,95
PRK,2014,92
SLE,2014,89
BTN,2014,82
LSO,2014,82
GIB,2014,79
FRO,2014,77
TCD,2014,77
CAF,2014,74
CPV,2014,72
BLZ,2014,69
SYC,2014,66
VIR,2014,63
LBR,2014,58
MRT,2014,55
CYM,2014,50
TKM,2014,45
BMU,2014,44
GUY,2014,43
MSR,2014,43
DJI,2014,41
SJM,2014,41
AND,2014,39
ABW,2014,39
SMR,2014,38
USA,2018,1129465
CHN,2018,615978
GBR,2018,319240
DEU,2018,277585
FRA,2018,272112
IND,2018,233857
BRA,2018,213236
JPN,2018,189313
IDN,2018,181392
CAN,2018,160591
ITA,2018,151982
ESP,2018,150037
AUS,2018,143602
RUS,2018,140597
KOR,2018,101779
POL,2018,93322
NLD,2018,89820
IRN,2018,87191
TUR,2018,79914
CHE,2018,69916
BEL,2018,58158
SWE,2018,55940
MEX,2018,53219
DNK,2018,47490
MYS,2018,45038
PRT,2018,43196
TWN,2018,43064
AUT,2018,40000
EGY,2018,37362
UKR,2018,34240
ZAF,2018,34191
CZE,2018,33632
NOR,2018,33451
GRC,2018,30554
ARG,2018,30541
ISR,2018,30432
FIN,2018,29746
COL,2018,29666
PAK,2018,29518
SAU,2018,29423
SGP,2018,28353
HKG,2018,26394
NGA,2018,25360
CHL,2018,24652
IRL,2018,23028
ROU,2018,22188
THA,2018,22095
NZL,2018,22063
HUN,2018,18829
TUN,2018,15440
DZA,2018,14137
BGD,2018,13733
SRB,2018,12803
HRV,2018,12592
IRQ,2018,12361
VNM,2018,12307
SVK,2018,12282
ECU,2018,11614
MAR,2018,11415
PER,2018,10461
SVN,2018,10073
BGR,2018,9185
ARE,2018,9078
CUB,2018,8371
ETH,2018,8007
KEN,2018,7906
PHL,2018,7770
LTU,2018,6331
QAT,2018,5794
JOR,2018,5767
KAZ,2018,5753
NPL,2018,5658
GHA,2018,5249
LUX,2018,5080
LBN,2018,4951
LKA,2018,4811
CYP,2018,4806
BLR,2018,4658
CRI,2018,4591
EST,2018,4538
LVA,2018,4203
URY,2018,3770
PRI,2018,3708
VEN,2018,3656
CMR,2018,3306
UGA,2018,3137
MAC,2018,3126
BIH,2018,3070
TZA,2018,2954
OMN,2018,2716
KWT,2018,2698
AZE,2018,2549
MKD,2018,2463
ISL,2018,2367
BOL,2018,2343
CIV,2018,2277
SDN,2018,2138
BEN,2018,1913
TJK,2018,1911
ARM,2018,1843
SEN,2018,1701
MNG,2018,1690
UZB,2018,1653
ZWE,2018,1584
PRY,2018,1572
GEO,2018,1547
MDA,2018,1508
PAN,2018,1506
MLT,2018,1480
MOZ,2018,1476
KHM,2018,1403
YEM,2018,1367
MMR,2018,1364
PSE,2018,1332
ALB,2018,1328
BFA,2018,1238
ZMB,2018,1231
SSD,2018,1229
GTM,2018,1182
MWI,2018,1119
BWA,2018,1114
MLI,2018,1069
NIC,2018,1044
LBY,2018,1021
BHR,2018,995
MNE,2018,986
COD,2018,962
SLV,2018,912
BDI,2018,842
RWA,2018,824
SYR,2018,774
BRN,2018,770
REU,2018,759
DOM,2018,717
VGB,2018,685
NER,2018,672
TTO,2018,672
KGZ,2018,629
MDG,2018,611
FJI,2018,604
NAM,2018,594
TGO,2018,556
MUS,2018,532
JAM,2018,530
HND,2018,519
AFG,2018,502
GLP,2018,497
COG,2018,495
ATG,2018,419
LAO,2018,416
AGO,2018,395
SOM,2018,374
NCL,2018,373
GRD,2018,372
PYF,2018,358
GUF,2018,347
GAB,2018,285
MTQ,2018,275
PNG,2018,269
KNA,2018,260
GMB,2018,245
BRB,2018,237
LIE,2018,237
MCO,2018,225
GRL,2018,211
STP,2018,208
MDV,2018,206
SLE,2018,200
GIN,2018,188
GNB,2018,181
SWZ,2018,180
CUW,2018,170
BTN,2018,161
TKM,2018,150
FRO,2018,148
GUM,2018,146
BHS,2018,139
PRK,2018,134
HTI,2018,132
GUY,2018,129
MRT,2018,122
TCD,2018,119
LBR,2018,108
SUR,2018,101
ERI,2018,96
VAT,2018,96
LSO,2018,95
VIR,2018,95
CPV,2018,94
CYM,2018,94
CAF,2018,86
TLS,2018,83
SYC,2018,78
ASM,2018,76
SMR,2018,75
GIB,2018,65
SJM,2018,65
BLZ,2018,64
ABW,2018,55
USA,2021,1331824
CHN,2021,901994
GBR,2021,384456
IND,2021,347964
IDN,2021,333374
DEU,2021,318740
FRA,2021,275858
BRA,2021,248182
RUS,2021,218181
JPN,2021,203200
CAN,2021,199796
ITA,2021,198424
ESP,2021,184091
AUS,2021,165697
TUR,2021,129214
KOR,2021,121191
IRN,2021,106753
NLD,2021,105988
POL,2021,91497
CHE,2021,88346
SWE,2021,67241
BEL,2021,62854
MYS,2021,61343
MEX,2021,60989
EGY,2021,60944
SAU,2021,59232
PRT,2021,57974
PAK,2021,57019
TWN,2021,54072
UKR,2021,53918
DNK,2021,52202
AUT,2021,47977
ZAF,2021,44917
NOR,2021,44174
NGA,2021,42909
GRC,2021,41656
CZE,2021,41418
ISR,2021,38715
HKG,2021,36582
FIN,2021,36374
COL,2021,35800
SGP,2021,34899
ARG,2021,33821
CHL,2021,31009
IRL,2021,30870
THA,2021,29086
ROU,2021,28853
NZL,2021,26302
IRQ,2021,25981
BGD,2021,25065
HUN,2021,24924
VNM,2021,24463
TUN,2021,20615
PER,2021,18813
MAR,2021,17312
DZA,2021,16679
ECU,2021,16578
ARE,2021,16309
ETH,2021,16040
UZB,2021,15388
SVK,2021,15126
SRB,2021,14957
HRV,2021,14651
SVN,2021,12942
PHL,2021,12923
BGR,2021,12231
KEN,2021,11785
KAZ,2021,11148
NPL,2021,10251
CUB,2021,10138
JOR,2021,9479
GHA,2021,9467
QAT,2021,8822
LKA,2021,8669
CYP,2021,8253
LTU,2021,7830
BLR,2021,6837
LBN,2021,6539
EST,2021,6395
CRI,2021,5967
CMR,2021,5709
LVA,2021,5619
MAC,2021,5546
URY,2021,5277
UGA,2021,5243
LUX,2021,5049
TZA,2021,4999
OMN,2021,4718
PRI,2021,4617
VEN,2021,4466
KWT,2021,4027
BIH,2021,3952
AZE,2021,3883
TJK,2021,3658
SDN,2021,3609
GEO,2021,3454
BOL,2021,3450
CIV,2021,3156
MKD,2021,3150
ISL,2021,3119
YEM,2021,2967
MOZ,2021,2848
ZWE,2021,2790
ARM,2021,2671
MNG,2021,2655
MDA,2021,2621
KHM,2021,2593
SEN,2021,2578
BEN,2021,2391
SSD,2021,2389
PRY,2021,2289
ZMB,2021,2273
PSE,2021,2222
KGZ,2021,2210
LBY,2021,2117
BHR,2021,2113
PAN,2021,2062
MLT,2021,2004
ALB,2021,1944
COD,2021,1840
MWI,2021,1795
BFA,2021,1774
RWA,2021,1773
GTM,2021,1684
SYR,2021,1652
MMR,2021,1630
BWA,2021,1469
BRN,2021,1459
MNE,2021,1262
ATG,2021,1234
MLI,2021,1221
NIC,2021,1221
BDI,2021,1200
DOM,2021,1165
AFG,2021,1135
MDG,2021,1001
TTO,2021,970
NAM,2021,964
REU,2021,918
SOM,2021,903
HND,2021,872
SLV,2021,868
COG,2021,865
AGO,2021,858
FJI,2021,855
TGO,2021,817
JAM,2021,780
VGB,2021,742
NER,2021,740
MUS,2021,668
LAO,2021,635
GMB,2021,572
GLP,2021,550
GAB,2021,502
GRD,2021,497
BTN,2021,487
KNA,2021,466
PNG,2021,452
GIN,2021,445
SLE,2021,433
GUF,2021,406
STP,2021,406
NCL,2021,372
BRB,2021,363
MDV,2021,362
MCO,2021,345
PYF,2021,325
MTQ,2021,322
SWZ,2021,273
GRL,2021,268
LIE,2021,257
PRK,2021,252
TCD,2021,232
GNB,2021,230
GUM,2021,228
HTI,2021,227
GUY,2021,224
BHS,2021,208
CUW,2021,204
LSO,2021,203
TKM,2021,196
CYM,2021,184
LBR,2021,173
FRO,2021,168
SUR,2021,144
ERI,2021,141
MRT,2021,139
SYC,2021,133
VIR,2021,133
CPV,2021,131
TLS,2021,126
BLZ,2021,108
CAF,2021,108
GIB,2021,104
SXM,2021,104
SMR,2021,100
WSM,2021,98
TON,2021,86
ASM,2021,73
USA,2023,1279871
CHN,2023,1130098
IDN,2023,448540
IND,2023,417614
GBR,2023,366350
DEU,2023,319164
FRA,2023,271633
BRA,2023,244634
ITA,2023,208472
JPN,2023,198005
ESP,2023,191922
CAN,2023,187922
RUS,2023,176306
AUS,2023,159203
TUR,2023,145673
KOR,2023,128923
NLD,2023,107263
CHE,2023,91833
POL,2023,91757
IRN,2023,88280
SAU,2023,74072
SWE,2023,67760
MYS,2023,67083
MEX,2023,66074
PAK,2023,65793
BEL,2023,65450
EGY,2023,65366
PRT,2023,62286
UKR,2023,57060
DNK,2023,54457
TWN,2023,54227
AUT,2023,48667
ZAF,2023,47248
NOR,2023,46239
NGA,2023,45342
HKG,2023,45001
CZE,2023,42006
IRQ,2023,38848
GRC,2023,38556
ISR,2023,38137
FIN,2023,36407
SGP,2023,35733
COL,2023,35129
THA,2023,32466
ARG,2023,31705
CHL,2023,31512
IRL,2023,30888
ROU,2023,29990
BGD,2023,28785
HUN,2023,28076
VNM,2023,27396
NZL,2023,24493
ARE,2023,23432
MAR,2023,21466
PER,2023,20718
ECU,2023,19814
PHL,2023,18695
ETH,2023,17420
UZB,2023,16973
TUN,2023,16187
DZA,2023,15390
SRB,2023,15288
SVK,2023,14698
HRV,2023,14612
KAZ,2023,14535
JOR,2023,13987
BGR,2023,13134
KEN,2023,12900
SVN,2023,12545
NPL,2023,12336
GHA,2023,11448
QAT,2023,9470
CYP,2023,9094
LBN,2023,9018
MAC,2023,8300
LTU,2023,8231
LKA,2023,7929
UGA,2023,6689
TZA,2023,6632
EST,2023,6372
CMR,2023,6210
LVA,2023,5878
BLR,2023,5719
AZE,2023,5583
OMN,2023,5332
URY,2023,5268
LUX,2023,5206
CRI,2023,5091
CUB,2023,4856
KWT,2023,4803
ZMB,2023,4778
PRI,2023,4502
TJK,2023,4488
VEN,2023,4406
YEM,2023,4323
BIH,2023,3997
SDN,2023,3925
GEO,2023,3866
MKD,2023,3723
ARM,2023,3700
KHM,2023,3643
ISL,2023,3458
ZWE,2023,3372
MDA,2023,3362
MNG,2023,3231
PSE,2023,3119
MOZ,2023,3071
BOL,2023,3058
CIV,2023,2901
SSD,2023,2762
SEN,2023,2686
PRY,2023,2669
PAN,2023,2503
BHR,2023,2493
BEN,2023,2475
SYR,2023,2289
COD,2023,2274
ALB,2023,2271
BFA,2023,2244
RWA,2023,2228
LBY,2023,2175
MLT,2023,2061
MWI,2023,2007
GTM,2023,1944
BRN,2023,1925
ATG,2023,1737
MMR,2023,1656
BWA,2023,1591
KGZ,2023,1549
AFG,2023,1546
SOM,2023,1356
NAM,2023,1343
MLI,2023,1318
MNE,2023,1301
NIC,2023,1276
DOM,2023,1264
REU,2023,1199
BDI,2023,1198
SLV,2023,1057
MDG,2023,1041
TGO,2023,1007
HND,2023,999
COG,2023,920
TTO,2023,916
FJI,2023,829
NER,2023,780
AGO,2023,761
LAO,2023,761
STP,2023,756
JAM,2023,725
MUS,2023,666
KNA,2023,622
GRD,2023,601
GMB,2023,597
GLP,2023,559
SLE,2023,557
GIN,2023,482
BRB,2023,479
GAB,2023,474
NCL,2023,472
MDV,2023,439
GUF,2023,425
TKM,2023,422
PNG,2023,420
BTN,2023,405
CUW,2023,376
MCO,2023,365
LIE,2023,359
PRK,2023,358
MTQ,2023,338
PYF,2023,338
GUY,2023,332
TCD,2023,309
GRL,2023,276
SWZ,2023,270
LSO,2023,257
GNB,2023,248
HTI,2023,246
TLS,2023,241
GUM,2023,240
LBR,2023,234
CYM,2023,210
BHS,2023,205
SUR,2023,201
CAF,2023,179
FRO,2023,173
MRT,2023,169
SXM,2023,152
CPV,2023,150
VIR,2023,148
VGB,2023,139
ERI,2023,116
SYC,2023,114
BMU,2023,98
SJM,2023,96
VAT,2023,94
WSM,2023,93
BLZ,2023,92
DJI,2023,92
CHN,2024,1279947
USA,2024,1211879
IND,2024,458805
IDN,2024,453276
GBR,2024,356898
DEU,2024,294819
FRA,2024,251345
BRA,2024,232153
ITA,2024,198692
JPN,2024,194321
CAN,2024,182166
ESP,2024,180134
AUS,2024,158387
RUS,2024,154446
TUR,2024,138154
KOR,2024,128484
NLD,2024,101202
IRN,2024,89881
POL,2024,88472
SAU,2024,84713
CHE,2024,81557
MYS,2024,70124
PAK,2024,68426
MEX,2024,65798
SWE,2024,65428
EGY,2024,65077
BEL,2024,59326
PRT,2024,55122
TWN,2024,54167
DNK,2024,51169
UKR,2024,49871
ZAF,2024,49248
HKG,2024,47993
AUT,2024,46283
NGA,2024,45883
NOR,2024,44168
CZE,2024,40817
IRQ,2024,39361
SGP,2024,37543
GRC,2024,37331
THA,2024,35968
FIN,2024,35678
ISR,2024,35113
COL,2024,33211
BGD,2024,32533
CHL,2024,31244
VNM,2024,30439
IRL,2024,30101
ARG,2024,29804
ROU,2024,28629
HUN,2024,27909
ARE,2024,26681
ECU,2024,23970
MAR,2024,23605
NZL,2024,23368
PHL,2024,19778
ETH,2024,19690
PER,2024,19113
TUN,2024,17089
JOR,2024,16395
DZA,2024,16361
KAZ,2024,15253
SRB,2024,15067
UZB,2024,14232
NPL,2024,14089
HRV,2024,14084
SVK,2024,14003
SVN,2024,13224
BGR,2024,12859
KEN,2024,12590
GHA,2024,12222
MAC,2024,10021
QAT,2024,9806
LBN,2024,9525
CYP,2024,9026
LTU,2024,8110
AZE,2024,8103
UGA,2024,7637
TZA,2024,7508
LKA,2024,7384
OMN,2024,6612
EST,2024,6110
KWT,2024,6000
CMR,2024,5993
BLR,2024,5878
URY,2024,5358
LVA,2024,5341
LUX,2024,5169
TJK,2024,4918
CRI,2024,4829
GEO,2024,4754
PRI,2024,4666
YEM,2024,4650
ARM,2024,4201
KHM,2024,4188
MKD,2024,4016
BIH,2024,4013
VEN,2024,3958
SDN,2024,3797
MNG,2024,3675
CUB,2024,3474
BOL,2024,3347
ZWE,2024,3347
ZMB,2024,3300
ISL,2024,3252
PSE,2024,3144
BHR,2024,3140
PAN,2024,2988
RWA,2024,2957
SSD,2024,2875
PRY,2024,2630
SYR,2024,2563
MOZ,2024,2560
LBY,2024,2505
CIV,2024,2426
SEN,2024,2416
ALB,2024,2405
KGZ,2024,2315
COD,2024,2289
MWI,2024,2272
ATG,2024,2190
BFA,2024,2177
MDA,2024,2102
BRN,2024,2067
MLT,2024,2030
AFG,2024,2029
MMR,2024,2023
BEN,2024,2020
GTM,2024,1981
BWA,2024,1871
MNE,2024,1679
SOM,2024,1487
NIC,2024,1348
DOM,2024,1241
BDI,2024,1220
REU,2024,1103
SLV,2024,1072
MLI,2024,1053
NAM,2024,1043
MDG,2024,1006
HND,2024,992
TGO,2024,940
LAO,2024,891
FJI,2024,859
NER,2024,852
TTO,2024,851
COG,2024,813
JAM,2024,752
AGO,2024,747
MUS,2024,741
KNA,2024,719
GMB,2024,672
SLE,2024,643
GRD,2024,636
GAB,2024,575
PNG,2024,556
STP,2024,544
MDV,2024,541
GLP,2024,524
GUY,2024,497
GIN,2024,484
GUF,2024,459
BRB,2024,433
MTQ,2024,410
NCL,2024,405
PRK,2024,401
BTN,2024,339
MCO,2024,333
TCD,2024,325
TLS,2024,313
PYF,2024,302
LIE,2024,298
SWZ,2024,284
GRL,2024,271
LBR,2024,271
CUW,2024,266
HTI,2024,255
LSO,2024,235
FRO,2024,214
CAF,2024,213
TKM,2024,213
GNB,2024,202
GUM,2024,199
MRT,2024,182
BHS,2024,170
SYC,2024,137
CPV,2024,129
ASM,2024,125
CYM,2024,123
ERI,2024,117
BLZ,2024,112
SXM,2024,112
SUR,2024,105
LCA,2024,102
TON,2024,102
VIR,2024,97
VGB,2024,96
SJM,2024,91
GIB,2024,90
USA,2006,693027
CHN,2006,374686
GBR,2006,183887
JPN,2006,158137
DEU,2006,158125
FRA,2006,151738
CAN,2006,92892
ITA,2006,76967
ESP,2006,66958
AUS,2006,63799
BRA,2006,54900
IND,2006,50326
KOR,2006,49510
NLD,2006,46742
RUS,2006,40793
CHE,2006,37040
POL,2006,35356
TWN,2006,35249
BEL,2006,30329
SWE,2006,28800
TUR,2006,23064
MEX,2006,20650
ISR,2006,19038
AUT,2006,17903
GRC,2006,17384
DNK,2006,16710
FIN,2006,14904
CZE,2006,14587
HKG,2006,14438
PRT,2006,13412
SGP,2006,13197
IRN,2006,13192
NOR,2006,13164
IRL,2006,11436
ARG,2006,11230
ZAF,2006,11057
UKR,2006,10786
NZL,2006,10703
HUN,2006,10024
CHL,2006,7944
COL,2006,7688
EGY,2006,7585
THA,2006,6956
PAK,2006,6724
MYS,2006,5685
ROU,2006,5651
SVK,2006,5037
BGR,2006,4919
SVN,2006,4614
HRV,2006,4522
IDN,2006,4435
NGA,2006,4339
TUN,2006,4334
VEN,2006,3808
SRB,2006,3784
CUB,2006,3229
DZA,2006,2893
MAR,2006,2888
PER,2006,2648
SAU,2006,2616
LTU,2006,2413
BLR,2006,2105
VNM,2006,2104
KEN,2006,2002
EST,2006,1918
BGD,2006,1834
PRI,2006,1820
PHL,2006,1479
LVA,2006,1373
ARE,2006,1355
CRI,2006,1347
LBN,2006,1335
JOR,2006,1322
ETH,2006,1303
LUX,2006,1268
TZA,2006,1202
URY,2006,1202
CYP,2006,1170
UGA,2006,1075
GHA,2006,1035
LKA,2006,1022
KWT,2006,901
ARM,2006,874
CMR,2006,861
IRQ,2006,833
ISL,2006,805
NPL,2006,769
QAT,2006,756
BOL,2006,743
ECU,2006,688
UZB,2006,624
SSD,2006,605
KAZ,2006,603
OMN,2006,599
VGB,2006,576
GEO,2006,562
AZE,2006,534
MKD,2006,531
SEN,2006,527
CIV,2006,512
TJK,2006,505
MMR,2006,497
PAN,2006,497
MNG,2006,456
BEN,2006,453
BIH,2006,432
MOZ,2006,427
ZWE,2006,412
MDA,2006,396
MLI,2006,391
KHM,2006,369
JAM,2006,366
MAC,2006,352
BWA,2006,340
BDI,2006,339
ZMB,2006,335
NER,2006,321
GTM,2006,311
BFA,2006,308
SDN,2006,296
REU,2006,293
MWI,2006,283
BHR,2006,270
GLP,2006,269
SYR,2006,265
PRY,2006,263
MLT,2006,250
GUF,2006,248
DOM,2006,241
MNE,2006,240
NIC,2006,232
PSE,2006,232
YEM,2006,231
TTO,2006,219
SLV,2006,205
MDG,2006,198
FJI,2006,174
LBY,2006,173
MUS,2006,168
ALB,2006,167
COG,2006,167
RWA,2006,162
BRN,2006,159
COD,2006,147
NCL,2006,141
BLZ,2006,139
GMB,2006,122
PNG,2006,122
GAB,2006,120
HND,2006,109
BRB,2006,108
MDV,2006,106
NAM,2006,106
KGZ,2006,101
LAO,2006,99
STP,2006,96
MCO,2006,94
TGO,2006,86
AGO,2006,84
LIE,2006,78
PYF,2006,74
GUM,2006,73
CUW,2006,72
GRL,2006,65
ERI,2006,64
MTQ,2006,63
GRD,2006,61
GIN,2006,61
GNB,2006,58
BMU,2006,47
VIR,2006,46
AFG,2006,45
TCD,2006,44
SOM,2006,43
SLE,2006,40
SYC,2006,39
PRK,2006,36
SWZ,2006,36
LSO,2006,35
BHS,2006,34
CAF,2006,31
FRO,2006,31
LBR,2006,30
MRT,2006,30
BTN,2006,29
TKM,2006,29
CPV,2006,28
GIB,2006,26
HTI,2006,25
KNA,2006,25
JEY,2006,23
IMN,2006,22
VAT,2006,22
ASM,2006,20
VUT,2006,18
SXM,2006,17
GUY,2006,16
FLK,2006,15
PLW,2006,15
USA,2017,1024343
CHN,2017,529260
GBR,2017,302132
DEU,2017,262226
FRA,2017,260613
IND,2017,221129
BRA,2017,201667
JPN,2017,183828
CAN,2017,150011
ITA,2017,145580
ESP,2017,143313
AUS,2017,136043
IDN,2017,130958
RUS,2017,118175
KOR,2017,102461
POL,2017,93657
NLD,2017,83730
IRN,2017,82103
TUR,2017,70491
CHE,2017,67047
BEL,2017,54751
SWE,2017,53285
MEX,2017,47724
DNK,2017,46607
TWN,2017,43070
PRT,2017,40608
MYS,2017,39871
AUT,2017,35224
ZAF,2017,32949
CZE,2017,32883
EGY,2017,32293
NOR,2017,31873
ISR,2017,29283
COL,2017,28914
GRC,2017,28898
FIN,2017,28133
ARG,2017,27371
SGP,2017,27087
SAU,2017,26519
UKR,2017,26475
PAK,2017,24581
HKG,2017,24537
NZL,2017,22595
CHL,2017,22468
IRL,2017,21943
ROU,2017,21616
NGA,2017,21290
THA,2017,20813
HUN,2017,17322
TUN,2017,14583
SRB,2017,12165
DZA,2017,11981
SVK,2017,11795
BGD,2017,11697
HRV,2017,11505
ECU,2017,10435
MAR,2017,10009
VNM,2017,9941
SVN,2017,9349
IRQ,2017,9216
PER,2017,9114
BGR,2017,8477
CUB,2017,7437
ARE,2017,7363
KEN,2017,6942
ETH,2017,6877
PHL,2017,6606
LTU,2017,5693
QAT,2017,5296
LUX,2017,4890
JOR,2017,4766
NPL,2017,4664
CYP,2017,4536
GHA,2017,4517
BLR,2017,4432
KAZ,2017,4402
CRI,2017,4328
EST,2017,4318
LBN,2017,4292
LVA,2017,4079
LKA,2017,4061
VEN,2017,3884
URY,2017,3515
PRI,2017,3275
CMR,2017,3022
BIH,2017,2832
UGA,2017,2822
MAC,2017,2724
TZA,2017,2668
MKD,2017,2552
OMN,2017,2468
KWT,2017,2321
ISL,2017,2217
AZE,2017,2183
BOL,2017,2125
CIV,2017,1991
SDN,2017,1948
ARM,2017,1703
GEO,2017,1573
TJK,2017,1564
BEN,2017,1532
ZWE,2017,1525
SEN,2017,1513
PRY,2017,1464
MNG,2017,1410
PAN,2017,1389
UZB,2017,1362
MLT,2017,1331
MDA,2017,1292
PSE,2017,1280
MOZ,2017,1208
ALB,2017,1150
MMR,2017,1131
GTM,2017,1129
ZMB,2017,1117
SSD,2017,1095
BFA,2017,1059
BWA,2017,1023
KHM,2017,1012
NIC,2017,1011
YEM,2017,1005
MWI,2017,998
SLV,2017,928
MLI,2017,883
LBY,2017,873
COD,2017,871
BHR,2017,798
REU,2017,796
MNE,2017,784
BDI,2017,764
NER,2017,670
BRN,2017,667
VGB,2017,658
RWA,2017,653
SYR,2017,630
TTO,2017,612
JAM,2017,591
DOM,2017,568
MUS,2017,562
FJI,2017,545
MDG,2017,525
NAM,2017,507
KGZ,2017,495
GLP,2017,435
TGO,2017,433
COG,2017,426
AGO,2017,406
HND,2017,400
GRD,2017,394
TCD,2017,370
LAO,2017,331
NCL,2017,305
GUF,2017,296
GAB,2017,293
PNG,2017,275
SOM,2017,266
LIE,2017,262
MTQ,2017,257
AFG,2017,252
MCO,2017,245
GMB,2017,242
STP,2017,229
SLE,2017,217
KNA,2017,207
PYF,2017,203
ATG,2017,189
BRB,2017,189
GRL,2017,179
GUM,2017,167
GIN,2017,157
CUW,2017,156
MDV,2017,155
GUY,2017,146
GNB,2017,144
BTN,2017,139
FRO,2017,137
SWZ,2017,133
PRK,2017,129
TKM,2017,126
BHS,2017,124
HTI,2017,119
LBR,2017,103
ERI,2017,89
SMR,2017,89
SUR,2017,88
CPV,2017,87
MRT,2017,83
VIR,2017,78
CAF,2017,77
GIB,2017,70
LSO,2017,69
TLS,2017,67
SYC,2017,66
CYM,2017,64
BMU,2017,63
ASM,2017,60
BLZ,2017,57
WSM,2017,56
TON,2017,55
USA,2019,1188627
CHN,2019,704102
GBR,2019,332641
DEU,2019,292471
FRA,2019,278136
IND,2019,247080
IDN,2019,233684
BRA,2019,224272
JPN,2019,192593
RUS,2019,173188
CAN,2019,168023
ITA,2019,166501
ESP,2019,157793
AUS,2019,150074
KOR,2019,108436
NLD,2019,99403
TUR,2019,94840
IRN,2019,94209
POL,2019,88673
CHE,2019,77664
BEL,2019,59908
SWE,2019,58875
MEX,2019,54870
DNK,2019,50803
PRT,2019,48018
UKR,2019,46875
TWN,2019,45816
MYS,2019,45814
EGY,2019,43179
AUT,2019,39724
CZE,2019,37503
ZAF,2019,36669
NOR,2019,36427
PAK,2019,35734
SAU,2019,35239
GRC,2019,32994
ISR,2019,32757
FIN,2019,32076
NGA,2019,31097
COL,2019,30448
SGP,2019,30374
ARG,2019,30131
HKG,2019,29399
CHL,2019,26583
ROU,2019,25395
IRL,2019,25299
NZL,2019,23703
THA,2019,23308
HUN,2019,21908
VNM,2019,17414
IRQ,2019,16931
TUN,2019,16406
BGD,2019,16233
SRB,2019,13954
SVK,2019,13687
DZA,2019,13155
PER,2019,12913
ECU,2019,12508
HRV,2019,12395
MAR,2019,12254
ETH,2019,11615
ARE,2019,10890
BGR,2019,10626
SVN,2019,10524
KEN,2019,9896
PHL,2019,9053
CUB,2019,8275
GHA,2019,7729
KAZ,2019,7307
JOR,2019,7084
NPL,2019,6847
LTU,2019,6669
QAT,2019,6410
BLR,2019,5714
EST,2019,5574
CYP,2019,5435
LKA,2019,5413
LBN,2019,5407
LVA,2019,5293
CRI,2019,5152
LUX,2019,4702
URY,2019,4130
PRI,2019,4062
CMR,2019,3913
UGA,2019,3903
TZA,2019,3553
MAC,2019,3536
VEN,2019,3469
BIH,2019,3274
UZB,2019,3130
KWT,2019,2977
OMN,2019,2948
AZE,2019,2944
TJK,2019,2781
MKD,2019,2629
BOL,2019,2603
ISL,2019,2558
SDN,2019,2466
CIV,2019,2364
ARM,2019,2033
BEN,2019,1991
PRY,2019,1989
SEN,2019,1884
GEO,2019,1870
MNG,2019,1827
ZWE,2019,1809
MDA,2019,1803
MOZ,2019,1742
YEM,2019,1703
MMR,2019,1596
PAN,2019,1593
PSE,2019,1592
KHM,2019,1545
SSD,2019,1507
MLT,2019,1483
ZMB,2019,1470
BFA,2019,1360
BHR,2019,1244
MWI,2019,1219
ALB,2019,1210
NIC,2019,1198
BWA,2019,1195
MLI,2019,1192
GTM,2019,1191
LBY,2019,1182
COD,2019,1145
SYR,2019,1065
RWA,2019,1013
MNE,2019,1007
BDI,2019,986
KGZ,2019,938
DOM,2019,888
REU,2019,809
BRN,2019,792
VGB,2019,746
MDG,2019,724
HND,2019,720
NER,2019,719
SLV,2019,691
COG,2019,680
FJI,2019,676
TTO,2019,674
NAM,2019,671
AFG,2019,659
JAM,2019,624
TGO,2019,579
MUS,2019,575
ATG,2019,527
GLP,2019,517
AGO,2019,480
LAO,2019,443
SOM,2019,398
PYF,2019,396
GRD,2019,379
GAB,2019,369
GUF,2019,363
PNG,2019,336
MCO,2019,318
GMB,2019,311
GIN,2019,306
MTQ,2019,306
NCL,2019,302
KNA,2019,300
BRB,2019,290
SLE,2019,259
STP,2019,250
SWZ,2019,242
LIE,2019,225
MDV,2019,221
BTN,2019,202
GNB,2019,199
GUM,2019,193
GUY,2019,192
TKM,2019,179
PRK,2019,175
GRL,2019,170
HTI,2019,167
CUW,2019,145
FRO,2019,136
BHS,2019,131
TCD,2019,128
LBR,2019,123
MRT,2019,119
CYM,2019,116
LSO,2019,109
ERI,2019,104
SUR,2019,102
CAF,2019,98
CPV,2019,96
TLS,2019,87
VIR,2019,84
GIB,2019,78
BMU,2019,76
SMR,2019,75
BLZ,2019,70
SYC,2019,70
WSM,2019,65
VAT,2019,64
TON,2019,59
USA,2020,1427504
CHN,2020,812828
GBR,2020,378494
IND,2020,310906
DEU,2020,306950
IDN,2020,278141
FRA,2020,269661
BRA,2020,256044
CAN,2020,204917
JPN,2020,203271
RUS,2020,198360
ITA,2020,193458
ESP,2020,178205
AUS,2020,164572
KOR,2020,123637
TUR,2020,110774
IRN,2020,106749
NLD,2020,105238
POL,2020,90544
CHE,2020,84658
SWE,2020,64949
BEL,2020,62683
MEX,2020,59566
UKR,2020,54830
PRT,2020,53044
MYS,2020,52588
EGY,2020,52346
DNK,2020,51454
TWN,2020,50983
SAU,2020,49075
PAK,2020,47307
AUT,2020,46082
ZAF,2020,41949
NOR,2020,41574
CZE,2020,40515
NGA,2020,40047
GRC,2020,38608
COL,2020,38583
ISR,2020,38460
ARG,2020,35419
SGP,2020,35237
HKG,2020,34356
FIN,2020,34310
IRL,2020,30647
CHL,2020,30145
ROU,2020,27002
NZL,2020,26216
THA,2020,25623
VNM,2020,23928
HUN,2020,23372
BGD,2020,21380
IRQ,2020,20833
TUN,2020,18855
MAR,2020,16121
PER,2020,15526
DZA,2020,15365
ECU,2020,15330
ETH,2020,14998
SVK,2020,14442
ARE,2020,14089
SRB,2020,13978
HRV,2020,13311
SVN,2020,12048
KEN,2020,11691
BGR,2020,11430
PHL,2020,10828
NPL,2020,9518
CUB,2020,9399
KAZ,2020,9278
CRI,2020,9076
GHA,2020,9071
JOR,2020,8627
QAT,2020,8341
LTU,2020,7559
UZB,2020,7064
CYP,2020,6795
LBN,2020,6608
LKA,2020,6562
BLR,2020,5863
EST,2020,5851
CMR,2020,5243
LVA,2020,5085
UGA,2020,5017
URY,2020,4989
PRI,2020,4891
LUX,2020,4690
TZA,2020,4619
MAC,2020,4565
VEN,2020,4332
BOL,2020,4080
OMN,2020,3807
KWT,2020,3651
GEO,2020,3622
BIH,2020,3615
AZE,2020,3488
MKD,2020,3248
TJK,2020,3245
SDN,2020,3018
ISL,2020,2814
CIV,2020,2746
SSD,2020,2618
SEN,2020,2580
ZWE,2020,2398
YEM,2020,2393
MNG,2020,2302
PRY,2020,2251
ARM,2020,2201
MOZ,2020,2178
BEN,2020,2169
KHM,2020,2094
ZMB,2020,2079
MDA,2020,2031
PAN,2020,1994
PSE,2020,1976
MMR,2020,1965
MWI,2020,1817
MNE,2020,1800
MLT,2020,1747
BFA,2020,1649
BHR,2020,1638
LBY,2020,1623
GTM,2020,1607
COD,2020,1561
ALB,2020,1532
RWA,2020,1508
BWA,2020,1368
SYR,2020,1349
NIC,2020,1242
DOM,2020,1226
KGZ,2020,1220
BDI,2020,1202
MLI,2020,1166
BRN,2020,1100
AFG,2020,983
TTO,2020,933
HND,2020,853
ATG,2020,834
MDG,2020,828
SLV,2020,821
NAM,2020,816
REU,2020,810
COG,2020,799
FJI,2020,742
TGO,2020,728
AGO,2020,715
NER,2020,711
JAM,2020,692
MUS,2020,639
VGB,2020,620
SOM,2020,601
LAO,2020,589
GMB,2020,525
GLP,2020,488
GRD,2020,475
KNA,2020,423
GAB,2020,422
GUF,2020,404
PNG,2020,386
MDV,2020,379
MCO,2020,368
SLE,2020,358
NCL,2020,349
STP,2020,349
GIN,2020,342
MTQ,2020,333
PYF,2020,304
SWZ,2020,304
BTN,2020,289
BRB,2020,287
LIE,2020,236
GRL,2020,231
HTI,2020,209
GUM,2020,206
PRK,2020,203
CUW,2020,175
BHS,2020,174
GNB,2020,168
CYM,2020,154
GUY,2020,153
TKM,2020,152
ERI,2020,151
FRO,2020,151
TCD,2020,147
LSO,2020,141
LBR,2020,129
CPV,2020,125
MRT,2020,123
SYC,2020,121
TLS,2020,116
CAF,2020,115
GIB,2020,113
SUR,2020,112
VIR,2020,110
BLZ,2020,103
WSM,2020,98
ABW,2020,91
TON,2020,86
ASM,2020,81
BMU,2020,79
USA,2022,1740804
CHN,2022,1071180
IND,2022,380143
IDN,2022,360710
GBR,2022,351116
DEU,2022,308688
FRA,2022,267693
BRA,2022,218438
JPN,2022,195462
ITA,2022,195198
RUS,2022,191414
ESP,2022,182024
CAN,2022,180664
AUS,2022,159320
TUR,2022,137386
KOR,2022,123156
NLD,2022,103313
IRN,2022,92431
CHE,2022,86075
POL,2022,85524
SAU,2022,68659
EGY,2022,65151
SWE,2022,64545
PAK,2022,63608
MYS,2022,62061
MEX,2022,60762
BEL,2022,58985
PRT,2022,55683
TWN,2022,55673
DNK,2022,51669
UKR,2022,49511
AUT,2022,46955
ZAF,2022,45829
NGA,2022,42791
NOR,2022,42575
HKG,2022,40104
CZE,2022,39554
GRC,2022,36763
ISR,2022,35724
FIN,2022,35207
SGP,2022,33944
COL,2022,32679
IRQ,2022,32611
THA,2022,31267
ARG,2022,30115
ROU,2022,29586
IRL,2022,29268
CHL,2022,28935
HUN,2022,26912
BGD,2022,26839
NZL,2022,25041
VNM,2022,24728
ARE,2022,19178
PER,2022,18745
MAR,2022,18512
ETH,2022,17908
ECU,2022,16318
TUN,2022,16114
PHL,2022,15201
SRB,2022,14918
UZB,2022,14572
DZA,2022,14478
HRV,2022,14018
SVK,2022,13431
KAZ,2022,12437
SVN,2022,12156
BGR,2022,12008
KEN,2022,11827
JOR,2022,11738
GHA,2022,11100
NPL,2022,10299
QAT,2022,8826
CYP,2022,8460
LTU,2022,7966
LKA,2022,7847
MAC,2022,7290
LBN,2022,6652
BLR,2022,6460
EST,2022,6031
TZA,2022,5893
CMR,2022,5787
UGA,2022,5751
LVA,2022,5468
CUB,2022,4920
CRI,2022,4882
OMN,2022,4759
LUX,2022,4661
URY,2022,4650
AZE,2022,4263
KWT,2022,4216
PRI,2022,4152
VEN,2022,3969
SDN,2022,3960
BIH,2022,3907
TJK,2022,3809
MKD,2022,3405
YEM,2022,3358
ISL,2022,3162
MNG,2022,3100
ARM,2022,3064
GEO,2022,3047
MDA,2022,3047
KHM,2022,2981
CIV,2022,2942
ZWE,2022,2933
MOZ,2022,2760
BOL,2022,2753
SSD,2022,2703
PSE,2022,2657
ZMB,2022,2609
SEN,2022,2556
BEN,2022,2482
BHR,2022,2399
COD,2022,2391
PRY,2022,2237
PAN,2022,2085
SYR,2022,2039
MLT,2022,2007
KGZ,2022,1987
ALB,2022,1943
LBY,2022,1934
RWA,2022,1922
BFA,2022,1896
MWI,2022,1795
GTM,2022,1788
MMR,2022,1656
BRN,2022,1628
ATG,2022,1502
BWA,2022,1437
MLI,2022,1338
AFG,2022,1276
BDI,2022,1264
MNE,2022,1239
SOM,2022,1218
NIC,2022,1129
SLV,2022,1090
DOM,2022,1085
REU,2022,1000
MDG,2022,954
TGO,2022,925
NAM,2022,902
COG,2022,901
FJI,2022,878
TTO,2022,860
HND,2022,854
AGO,2022,806
MUS,2022,767
NER,2022,759
JAM,2022,700
LAO,2022,668
VGB,2022,630
GLP,2022,549
GRD,2022,546
GMB,2022,537
SLE,2022,524
KNA,2022,520
GAB,2022,508
PNG,2022,461
STP,2022,451
BTN,2022,433
NCL,2022,403
BRB,2022,397
GUF,2022,394
MDV,2022,382
GIN,2022,371
MCO,2022,353
MTQ,2022,345
TKM,2022,328
LIE,2022,313
SWZ,2022,296
PYF,2022,294
PRK,2022,292
TCD,2022,259
CUW,2022,245
GUY,2022,241
HTI,2022,237
GRL,2022,234
LSO,2022,219
GNB,2022,209
LBR,2022,205
GUM,2022,200
FRO,2022,196
TLS,2022,179
CPV,2022,178
BHS,2022,164
CAF,2022,162
CYM,2022,162
MRT,2022,152
VIR,2022,130
ERI,2022,118
WSM,2022,116
SYC,2022,114
SXM,2022,114
SUR,2022,111
PLW,2022,99
BLZ,2022,97
ASM,2022,90
BMU,2022,90
TON,2022,86
